,season,match_id,match_name,home_team,away_team,venue,current_innings,innings_id,fullName,runs,ballsFaced,minutes,fours,sixes,strikeRate,isNotOut
0,2022,1298179,ENG v PAK,PAK,ENG,Melbourne Cricket Ground,PAK,1,Mohammad Rizwan,15,14,24,0,1,107.14,False
1,2022,1298179,ENG v PAK,PAK,ENG,Melbourne Cricket Ground,PAK,1,Babar Azam,32,28,58,2,0,114.28,False
2,2022,1298179,ENG v PAK,PAK,ENG,Melbourne Cricket Ground,PAK,1,Mohammad Haris,8,12,15,1,0,66.66,False
3,2022,1298179,ENG v PAK,PAK,ENG,Melbourne Cricket Ground,PAK,1,Shan Masood,38,28,46,2,1,135.71,False
4,2022,1298179,ENG v PAK,PAK,ENG,Melbourne Cricket Ground,PAK,1,Iftikhar Ahmed,0,6,8,0,0,0.00,False
5,2022,1298179,ENG v PAK,PAK,ENG,Melbourne Cricket Ground,PAK,1,Shadab Khan,20,14,26,2,0,142.85,False
6,2022,1298179,ENG v PAK,PAK,ENG,Melbourne Cricket Ground,PAK,1,Mohammad Nawaz,5,7,11,0,0,71.42,False
7,2022,1298179,ENG v PAK,PAK,ENG,Melbourne Cricket Ground,PAK,1,Mohammad Wasim,4,8,12,0,0,50.00,False
8,2022,1298179,ENG v PAK,PAK,ENG,Melbourne Cricket Ground,PAK,1,Shaheen Shah Afridi,5,3,8,1,0,166.66,True
9,2022,1298179,ENG v PAK,PAK,ENG,Melbourne Cricket Ground,PAK,1,Haris Rauf,1,1,3,0,0,100.00,True
10,2022,1298179,ENG v PAK,PAK,ENG,Melbourne Cricket Ground,ENG,2,Jos Buttler,26,17,33,3,1,152.94,False
11,2022,1298179,ENG v PAK,PAK,ENG,Melbourne Cricket Ground,ENG,2,Alex Hales,1,2,6,0,0,50.00,False
12,2022,1298179,ENG v PAK,PAK,ENG,Melbourne Cricket Ground,ENG,2,Phil Salt,10,9,16,2,0,111.11,False
13,2022,1298179,ENG v PAK,PAK,ENG,Melbourne Cricket Ground,ENG,2,Ben Stokes,52,49,81,5,1,106.12,True
14,2022,1298179,ENG v PAK,PAK,ENG,Melbourne Cricket Ground,ENG,2,Harry Brook,20,23,36,1,0,86.95,False
15,2022,1298179,ENG v PAK,PAK,ENG,Melbourne Cricket Ground,ENG,2,Moeen Ali,19,12,30,3,0,158.33,False
16,2022,1298179,ENG v PAK,PAK,ENG,Melbourne Cricket Ground,ENG,2,Liam Livingstone,1,2,3,0,0,50.00,True
17,2022,1298178,ENG v INDIA,INDIA,ENG,Adelaide Oval,INDIA,1,KL Rahul,5,5,8,1,0,100.00,False
18,2022,1298178,ENG v INDIA,INDIA,ENG,Adelaide Oval,INDIA,1,Rohit Sharma,27,28,37,4,0,96.42,False
19,2022,1298178,ENG v INDIA,INDIA,ENG,Adelaide Oval,INDIA,1,Virat Kohli,50,40,75,4,1,125.00,False
20,2022,1298178,ENG v INDIA,INDIA,ENG,Adelaide Oval,INDIA,1,Suryakumar Yadav,14,10,14,1,1,140.00,False
21,2022,1298178,ENG v INDIA,INDIA,ENG,Adelaide Oval,INDIA,1,Hardik Pandya,63,33,47,4,5,190.90,False
22,2022,1298178,ENG v INDIA,INDIA,ENG,Adelaide Oval,INDIA,1,Rishabh Pant,6,4,13,1,0,150.00,False
23,2022,1298178,ENG v INDIA,INDIA,ENG,Adelaide Oval,INDIA,1,Ravichandran Ashwin,0,0,4,0,0,-,True
24,2022,1298178,ENG v INDIA,INDIA,ENG,Adelaide Oval,ENG,2,Jos Buttler,80,49,74,9,3,163.26,True
25,2022,1298178,ENG v INDIA,INDIA,ENG,Adelaide Oval,ENG,2,Alex Hales,86,47,74,4,7,182.97,True
26,2022,1298177,NZ v PAK,NZ,PAK,Sydney Cricket Ground,NZ,1,Finn Allen,4,3,6,1,0,133.33,False
27,2022,1298177,NZ v PAK,NZ,PAK,Sydney Cricket Ground,NZ,1,Devon Conway,21,20,35,3,0,105.00,False
28,2022,1298177,NZ v PAK,NZ,PAK,Sydney Cricket Ground,NZ,1,Kane Williamson,46,42,81,1,1,109.52,False
29,2022,1298177,NZ v PAK,NZ,PAK,Sydney Cricket Ground,NZ,1,Glenn Phillips,6,8,9,1,0,75.00,False
30,2022,1298177,NZ v PAK,NZ,PAK,Sydney Cricket Ground,NZ,1,Daryl Mitchell,53,35,60,3,1,151.42,True
31,2022,1298177,NZ v PAK,NZ,PAK,Sydney Cricket Ground,NZ,1,James Neesham,16,12,19,1,0,133.33,True
32,2022,1298177,NZ v PAK,NZ,PAK,Sydney Cricket Ground,PAK,2,Mohammad Rizwan,57,43,77,5,0,132.55,False
33,2022,1298177,NZ v PAK,NZ,PAK,Sydney Cricket Ground,PAK,2,Babar Azam,53,42,56,7,0,126.19,False
34,2022,1298177,NZ v PAK,NZ,PAK,Sydney Cricket Ground,PAK,2,Mohammad Haris,30,26,32,2,1,115.38,False
35,2022,1298177,NZ v PAK,NZ,PAK,Sydney Cricket Ground,PAK,2,Shan Masood,3,4,13,0,0,75.00,True
36,2022,1298177,NZ v PAK,NZ,PAK,Sydney Cricket Ground,PAK,2,Iftikhar Ahmed,0,0,3,0,0,-,True
37,2022,1298176,INDIA v ZIM,INDIA,ZIM,Melbourne Cricket Ground,INDIA,1,KL Rahul,51,35,59,3,3,145.71,False
38,2022,1298176,INDIA v ZIM,INDIA,ZIM,Melbourne Cricket Ground,INDIA,1,Rohit Sharma,15,13,20,2,0,115.38,False
39,2022,1298176,INDIA v ZIM,INDIA,ZIM,Melbourne Cricket Ground,INDIA,1,Virat Kohli,26,25,36,2,0,104.00,False
40,2022,1298176,INDIA v ZIM,INDIA,ZIM,Melbourne Cricket Ground,INDIA,1,Suryakumar Yadav,61,25,44,6,4,244.00,True
41,2022,1298176,INDIA v ZIM,INDIA,ZIM,Melbourne Cricket Ground,INDIA,1,Rishabh Pant,3,5,7,0,0,60.00,False
42,2022,1298176,INDIA v ZIM,INDIA,ZIM,Melbourne Cricket Ground,INDIA,1,Hardik Pandya,18,18,29,2,0,100.00,False
43,2022,1298176,INDIA v ZIM,INDIA,ZIM,Melbourne Cricket Ground,INDIA,1,Axar Patel,0,0,6,0,0,-,True
44,2022,1298176,INDIA v ZIM,INDIA,ZIM,Melbourne Cricket Ground,ZIM,2,Wessly Madhevere,0,1,1,0,0,0.00,False
45,2022,1298176,INDIA v ZIM,INDIA,ZIM,Melbourne Cricket Ground,ZIM,2,Craig Ervine,13,15,37,2,0,86.66,False
46,2022,1298176,INDIA v ZIM,INDIA,ZIM,Melbourne Cricket Ground,ZIM,2,Regis Chakabva,0,6,9,0,0,0.00,False
47,2022,1298176,INDIA v ZIM,INDIA,ZIM,Melbourne Cricket Ground,ZIM,2,Sean Williams,11,18,22,0,1,61.11,False
48,2022,1298176,INDIA v ZIM,INDIA,ZIM,Melbourne Cricket Ground,ZIM,2,Sikandar Raza,34,24,53,3,0,141.66,False
49,2022,1298176,INDIA v ZIM,INDIA,ZIM,Melbourne Cricket Ground,ZIM,2,Tony Munyonga,5,4,6,1,0,125.00,False
50,2022,1298176,INDIA v ZIM,INDIA,ZIM,Melbourne Cricket Ground,ZIM,2,Ryan Burl,35,22,27,5,1,159.09,False
51,2022,1298176,INDIA v ZIM,INDIA,ZIM,Melbourne Cricket Ground,ZIM,2,Wellington Masakadza,1,7,8,0,0,14.28,False
52,2022,1298176,INDIA v ZIM,INDIA,ZIM,Melbourne Cricket Ground,ZIM,2,Richard Ngarava,1,2,4,0,0,50.00,False
53,2022,1298176,INDIA v ZIM,INDIA,ZIM,Melbourne Cricket Ground,ZIM,2,Tendai Chatara,4,4,11,1,0,100.00,False
54,2022,1298176,INDIA v ZIM,INDIA,ZIM,Melbourne Cricket Ground,ZIM,2,Blessing Muzarabani,0,2,5,0,0,0.00,True
55,2022,1298175,BAN v PAK,BAN,PAK,Adelaide Oval,BAN,1,Najmul Hossain Shanto,54,48,66,7,0,112.50,False
56,2022,1298175,BAN v PAK,BAN,PAK,Adelaide Oval,BAN,1,Litton Das,10,8,15,0,1,125.00,False
57,2022,1298175,BAN v PAK,BAN,PAK,Adelaide Oval,BAN,1,Soumya Sarkar,20,17,38,1,1,117.64,False
58,2022,1298175,BAN v PAK,BAN,PAK,Adelaide Oval,BAN,1,Shakib Al Hasan,0,1,4,0,0,0.00,False
59,2022,1298175,BAN v PAK,BAN,PAK,Adelaide Oval,BAN,1,Afif Hossain,24,20,47,3,0,120.00,True
60,2022,1298175,BAN v PAK,BAN,PAK,Adelaide Oval,BAN,1,Mosaddek Hossain,5,11,17,0,0,45.45,False
61,2022,1298175,BAN v PAK,BAN,PAK,Adelaide Oval,BAN,1,Nurul Hasan,0,3,4,0,0,0.00,False
62,2022,1298175,BAN v PAK,BAN,PAK,Adelaide Oval,BAN,1,Taskin Ahmed,1,5,8,0,0,20.00,False
63,2022,1298175,BAN v PAK,BAN,PAK,Adelaide Oval,BAN,1,Nasum Ahmed,7,6,9,1,0,116.66,False
64,2022,1298175,BAN v PAK,BAN,PAK,Adelaide Oval,BAN,1,Mustafizur Rahman,0,1,1,0,0,0.00,True
65,2022,1298175,BAN v PAK,BAN,PAK,Adelaide Oval,PAK,2,Mohammad Rizwan,32,32,51,2,1,100.00,False
66,2022,1298175,BAN v PAK,BAN,PAK,Adelaide Oval,PAK,2,Babar Azam,25,33,46,2,0,75.75,False
67,2022,1298175,BAN v PAK,BAN,PAK,Adelaide Oval,PAK,2,Mohammad Nawaz,4,11,27,0,0,36.36,False
68,2022,1298175,BAN v PAK,BAN,PAK,Adelaide Oval,PAK,2,Mohammad Haris,31,18,31,1,2,172.22,False
69,2022,1298175,BAN v PAK,BAN,PAK,Adelaide Oval,PAK,2,Shan Masood,24,14,20,2,0,171.42,True
70,2022,1298175,BAN v PAK,BAN,PAK,Adelaide Oval,PAK,2,Iftikhar Ahmed,1,3,8,0,0,33.33,False
71,2022,1298175,BAN v PAK,BAN,PAK,Adelaide Oval,PAK,2,Shadab Khan,0,0,2,0,0,-,True
72,2022,1298174,NED v SA,NED,SA,Adelaide Oval,NED,1,Stephan Myburgh,37,30,41,7,0,123.33,False
73,2022,1298174,NED v SA,NED,SA,Adelaide Oval,NED,1,Max O'Dowd,29,31,61,1,1,93.54,False
74,2022,1298174,NED v SA,NED,SA,Adelaide Oval,NED,1,Tom Cooper,35,19,30,2,2,184.21,False
75,2022,1298174,NED v SA,NED,SA,Adelaide Oval,NED,1,Colin Ackermann,41,26,31,3,2,157.69,True
76,2022,1298174,NED v SA,NED,SA,Adelaide Oval,NED,1,Bas de Leede,1,7,11,0,0,14.28,False
77,2022,1298174,NED v SA,NED,SA,Adelaide Oval,NED,1,Scott Edwards,12,7,11,2,0,171.42,True
78,2022,1298174,NED v SA,NED,SA,Adelaide Oval,SA,2,Quinton de Kock,13,13,12,1,1,100.00,False
79,2022,1298174,NED v SA,NED,SA,Adelaide Oval,SA,2,Temba Bavuma,20,20,26,2,0,100.00,False
80,2022,1298174,NED v SA,NED,SA,Adelaide Oval,SA,2,Rilee Rossouw,25,19,29,2,0,131.57,False
81,2022,1298174,NED v SA,NED,SA,Adelaide Oval,SA,2,Aiden Markram,17,13,30,2,0,130.76,False
82,2022,1298174,NED v SA,NED,SA,Adelaide Oval,SA,2,David Miller,17,17,28,1,0,100.00,False
83,2022,1298174,NED v SA,NED,SA,Adelaide Oval,SA,2,Heinrich Klaasen,21,18,27,0,1,116.66,False
84,2022,1298174,NED v SA,NED,SA,Adelaide Oval,SA,2,Wayne Parnell,0,2,3,0,0,0.00,False
85,2022,1298174,NED v SA,NED,SA,Adelaide Oval,SA,2,Keshav Maharaj,13,12,20,0,1,108.33,False
86,2022,1298174,NED v SA,NED,SA,Adelaide Oval,SA,2,Kagiso Rabada,9,8,13,0,0,112.50,True
87,2022,1298174,NED v SA,NED,SA,Adelaide Oval,SA,2,Anrich Nortje,4,1,2,1,0,400.00,True
88,2022,1298173,ENG v SL,SL,ENG,Sydney Cricket Ground,SL,1,Pathum Nissanka,67,45,70,2,5,148.88,False
89,2022,1298173,ENG v SL,SL,ENG,Sydney Cricket Ground,SL,1,Kusal Mendis,18,14,21,1,1,128.57,False
90,2022,1298173,ENG v SL,SL,ENG,Sydney Cricket Ground,SL,1,Dhananjaya de Silva,9,11,17,0,0,81.81,False
91,2022,1298173,ENG v SL,SL,ENG,Sydney Cricket Ground,SL,1,Charith Asalanka,8,9,15,0,0,88.88,False
92,2022,1298173,ENG v SL,SL,ENG,Sydney Cricket Ground,SL,1,Bhanuka Rajapaksa,22,22,41,3,0,100.00,False
93,2022,1298173,ENG v SL,SL,ENG,Sydney Cricket Ground,SL,1,Dasun Shanaka,3,8,12,0,0,37.50,False
94,2022,1298173,ENG v SL,SL,ENG,Sydney Cricket Ground,SL,1,Wanindu Hasaranga de Silva,9,9,13,1,0,100.00,False
95,2022,1298173,ENG v SL,SL,ENG,Sydney Cricket Ground,SL,1,Chamika Karunaratne,0,2,3,0,0,0.00,False
96,2022,1298173,ENG v SL,SL,ENG,Sydney Cricket Ground,SL,1,Maheesh Theekshana,0,0,2,0,0,-,True
97,2022,1298173,ENG v SL,SL,ENG,Sydney Cricket Ground,ENG,2,Jos Buttler,28,23,35,2,1,121.73,False
98,2022,1298173,ENG v SL,SL,ENG,Sydney Cricket Ground,ENG,2,Alex Hales,47,30,42,7,1,156.66,False
99,2022,1298173,ENG v SL,SL,ENG,Sydney Cricket Ground,ENG,2,Ben Stokes,42,36,59,2,0,116.66,True
100,2022,1298173,ENG v SL,SL,ENG,Sydney Cricket Ground,ENG,2,Harry Brook,4,5,9,0,0,80.00,False
101,2022,1298173,ENG v SL,SL,ENG,Sydney Cricket Ground,ENG,2,Liam Livingstone,4,6,10,0,0,66.66,False
102,2022,1298173,ENG v SL,SL,ENG,Sydney Cricket Ground,ENG,2,Moeen Ali,1,5,8,0,0,20.00,False
103,2022,1298173,ENG v SL,SL,ENG,Sydney Cricket Ground,ENG,2,Sam Curran,6,11,16,0,0,54.54,False
104,2022,1298173,ENG v SL,SL,ENG,Sydney Cricket Ground,ENG,2,Chris Woakes,5,3,11,1,0,166.66,True
105,2022,1298172,AUS v AFG,AUS,AFG,Adelaide Oval,AUS,1,David Warner,25,18,28,5,0,138.88,False
106,2022,1298172,AUS v AFG,AUS,AFG,Adelaide Oval,AUS,1,Cameron Green,3,2,12,0,0,150.00,False
107,2022,1298172,AUS v AFG,AUS,AFG,Adelaide Oval,AUS,1,Mitchell Marsh,45,30,42,3,2,150.00,False
108,2022,1298172,AUS v AFG,AUS,AFG,Adelaide Oval,AUS,1,Steven Smith,4,4,6,1,0,100.00,False
109,2022,1298172,AUS v AFG,AUS,AFG,Adelaide Oval,AUS,1,Marcus Stoinis,25,21,41,0,2,119.04,False
110,2022,1298172,AUS v AFG,AUS,AFG,Adelaide Oval,AUS,1,Glenn Maxwell,54,32,46,6,2,168.75,True
111,2022,1298172,AUS v AFG,AUS,AFG,Adelaide Oval,AUS,1,Matthew Wade,6,8,14,1,0,75.00,False
112,2022,1298172,AUS v AFG,AUS,AFG,Adelaide Oval,AUS,1,Pat Cummins,0,2,4,0,0,0.00,False
113,2022,1298172,AUS v AFG,AUS,AFG,Adelaide Oval,AUS,1,Kane Richardson,1,1,6,0,0,100.00,False
114,2022,1298172,AUS v AFG,AUS,AFG,Adelaide Oval,AUS,1,Adam Zampa,1,1,5,0,0,100.00,True
115,2022,1298172,AUS v AFG,AUS,AFG,Adelaide Oval,AFG,2,Rahmanullah Gurbaz,30,17,31,2,2,176.47,False
116,2022,1298172,AUS v AFG,AUS,AFG,Adelaide Oval,AFG,2,Usman Ghani,2,7,16,0,0,28.57,False
117,2022,1298172,AUS v AFG,AUS,AFG,Adelaide Oval,AFG,2,Ibrahim Zadran,26,33,55,2,0,78.78,False
118,2022,1298172,AUS v AFG,AUS,AFG,Adelaide Oval,AFG,2,Gulbadin Naib,39,23,38,3,2,169.56,False
119,2022,1298172,AUS v AFG,AUS,AFG,Adelaide Oval,AFG,2,Mohammad Nabi,1,2,10,0,0,50.00,False
120,2022,1298172,AUS v AFG,AUS,AFG,Adelaide Oval,AFG,2,Najibullah Zadran,0,2,3,0,0,0.00,False
121,2022,1298172,AUS v AFG,AUS,AFG,Adelaide Oval,AFG,2,Darwish Rasooli,15,13,28,1,0,115.38,False
122,2022,1298172,AUS v AFG,AUS,AFG,Adelaide Oval,AFG,2,Rashid Khan,48,23,27,3,4,208.69,True
123,2022,1298172,AUS v AFG,AUS,AFG,Adelaide Oval,AFG,2,Naveen-ul-Haq,0,0,4,0,0,-,True
124,2022,1298171,IRE v NZ,NZ,IRE,Adelaide Oval,NZ,1,Finn Allen,32,18,30,5,1,177.77,False
125,2022,1298171,IRE v NZ,NZ,IRE,Adelaide Oval,NZ,1,Devon Conway,28,33,55,2,0,84.84,False
126,2022,1298171,IRE v NZ,NZ,IRE,Adelaide Oval,NZ,1,Kane Williamson,61,35,59,5,3,174.28,False
127,2022,1298171,IRE v NZ,NZ,IRE,Adelaide Oval,NZ,1,Glenn Phillips,17,9,9,2,1,188.88,False
128,2022,1298171,IRE v NZ,NZ,IRE,Adelaide Oval,NZ,1,Daryl Mitchell,31,21,35,2,0,147.61,True
129,2022,1298171,IRE v NZ,NZ,IRE,Adelaide Oval,NZ,1,James Neesham,0,1,3,0,0,0.00,False
130,2022,1298171,IRE v NZ,NZ,IRE,Adelaide Oval,NZ,1,Mitchell Santner,0,1,2,0,0,0.00,False
131,2022,1298171,IRE v NZ,NZ,IRE,Adelaide Oval,NZ,1,Tim Southee,1,2,7,0,0,50.00,True
132,2022,1298171,IRE v NZ,NZ,IRE,Adelaide Oval,IRE,2,Paul Stirling,37,27,39,3,1,137.03,False
133,2022,1298171,IRE v NZ,NZ,IRE,Adelaide Oval,IRE,2,Andy Balbirnie,30,25,36,0,3,120.00,False
134,2022,1298171,IRE v NZ,NZ,IRE,Adelaide Oval,IRE,2,Lorcan Tucker,13,14,30,0,0,92.85,False
135,2022,1298171,IRE v NZ,NZ,IRE,Adelaide Oval,IRE,2,Harry Tector,2,7,4,0,0,28.57,False
136,2022,1298171,IRE v NZ,NZ,IRE,Adelaide Oval,IRE,2,Gareth Delany,10,8,12,2,0,125.00,False
137,2022,1298171,IRE v NZ,NZ,IRE,Adelaide Oval,IRE,2,George Dockrell,23,15,24,3,0,153.33,False
138,2022,1298171,IRE v NZ,NZ,IRE,Adelaide Oval,IRE,2,Curtis Campher,7,7,10,1,0,100.00,False
139,2022,1298171,IRE v NZ,NZ,IRE,Adelaide Oval,IRE,2,Fionn Hand,5,3,7,1,0,166.66,False
140,2022,1298171,IRE v NZ,NZ,IRE,Adelaide Oval,IRE,2,Mark Adair,4,5,9,0,0,80.00,False
141,2022,1298171,IRE v NZ,NZ,IRE,Adelaide Oval,IRE,2,Barry McCarthy,6,5,10,0,0,120.00,True
142,2022,1298171,IRE v NZ,NZ,IRE,Adelaide Oval,IRE,2,Josh Little,8,4,3,0,1,200.00,True
143,2022,1298170,PAK v SA,PAK,SA,Sydney Cricket Ground,PAK,1,Mohammad Rizwan,4,4,4,1,0,100.00,False
144,2022,1298170,PAK v SA,PAK,SA,Sydney Cricket Ground,PAK,1,Babar Azam,6,15,29,0,0,40.00,False
145,2022,1298170,PAK v SA,PAK,SA,Sydney Cricket Ground,PAK,1,Mohammad Haris,28,11,19,2,3,254.54,False
146,2022,1298170,PAK v SA,PAK,SA,Sydney Cricket Ground,PAK,1,Shan Masood,2,6,11,0,0,33.33,False
147,2022,1298170,PAK v SA,PAK,SA,Sydney Cricket Ground,PAK,1,Iftikhar Ahmed,51,35,73,3,2,145.71,False
148,2022,1298170,PAK v SA,PAK,SA,Sydney Cricket Ground,PAK,1,Mohammad Nawaz,28,22,32,4,1,127.27,False
149,2022,1298170,PAK v SA,PAK,SA,Sydney Cricket Ground,PAK,1,Shadab Khan,52,22,31,3,4,236.36,False
150,2022,1298170,PAK v SA,PAK,SA,Sydney Cricket Ground,PAK,1,Mohammad Wasim,0,1,1,0,0,0.00,False
151,2022,1298170,PAK v SA,PAK,SA,Sydney Cricket Ground,PAK,1,Naseem Shah,5,3,3,0,0,166.66,True
152,2022,1298170,PAK v SA,PAK,SA,Sydney Cricket Ground,PAK,1,Haris Rauf,3,2,2,0,0,150.00,False
153,2022,1298170,PAK v SA,PAK,SA,Sydney Cricket Ground,SA,2,Temba Bavuma,36,19,39,4,1,189.47,False
154,2022,1298170,PAK v SA,PAK,SA,Sydney Cricket Ground,SA,2,Quinton de Kock,0,5,6,0,0,0.00,False
155,2022,1298170,PAK v SA,PAK,SA,Sydney Cricket Ground,SA,2,Rilee Rossouw,7,6,10,0,1,116.66,False
156,2022,1298170,PAK v SA,PAK,SA,Sydney Cricket Ground,SA,2,Aiden Markram,20,14,28,4,0,142.85,False
157,2022,1298170,PAK v SA,PAK,SA,Sydney Cricket Ground,SA,2,Heinrich Klaasen,15,9,18,3,0,166.66,False
158,2022,1298170,PAK v SA,PAK,SA,Sydney Cricket Ground,SA,2,Tristan Stubbs,18,18,28,0,1,100.00,False
159,2022,1298170,PAK v SA,PAK,SA,Sydney Cricket Ground,SA,2,Wayne Parnell,3,4,9,0,0,75.00,False
160,2022,1298170,PAK v SA,PAK,SA,Sydney Cricket Ground,SA,2,Kagiso Rabada,1,2,11,0,0,50.00,False
161,2022,1298170,PAK v SA,PAK,SA,Sydney Cricket Ground,SA,2,Anrich Nortje,1,5,8,0,0,20.00,False
162,2022,1298170,PAK v SA,PAK,SA,Sydney Cricket Ground,SA,2,Lungi Ngidi,4,1,5,1,0,400.00,True
163,2022,1298170,PAK v SA,PAK,SA,Sydney Cricket Ground,SA,2,Tabraiz Shamsi,1,1,3,0,0,100.00,True
164,2022,1298169,BAN v INDIA,INDIA,BAN,Adelaide Oval,INDIA,1,KL Rahul,50,32,49,3,4,156.25,False
165,2022,1298169,BAN v INDIA,INDIA,BAN,Adelaide Oval,INDIA,1,Rohit Sharma,2,8,18,0,0,25.00,False
166,2022,1298169,BAN v INDIA,INDIA,BAN,Adelaide Oval,INDIA,1,Virat Kohli,64,44,84,8,1,145.45,True
167,2022,1298169,BAN v INDIA,INDIA,BAN,Adelaide Oval,INDIA,1,Suryakumar Yadav,30,16,18,4,0,187.50,False
168,2022,1298169,BAN v INDIA,INDIA,BAN,Adelaide Oval,INDIA,1,Hardik Pandya,5,6,8,0,0,83.33,False
169,2022,1298169,BAN v INDIA,INDIA,BAN,Adelaide Oval,INDIA,1,Dinesh Karthik,7,5,12,1,0,140.00,False
170,2022,1298169,BAN v INDIA,INDIA,BAN,Adelaide Oval,INDIA,1,Axar Patel,7,6,6,1,0,116.66,False
171,2022,1298169,BAN v INDIA,INDIA,BAN,Adelaide Oval,INDIA,1,Ravichandran Ashwin,13,6,9,1,1,216.66,True
172,2022,1298169,BAN v INDIA,INDIA,BAN,Adelaide Oval,BAN,2,Najmul Hossain Shanto,21,25,50,1,1,84.00,False
173,2022,1298169,BAN v INDIA,INDIA,BAN,Adelaide Oval,BAN,2,Litton Das,60,27,40,7,3,222.22,False
174,2022,1298169,BAN v INDIA,INDIA,BAN,Adelaide Oval,BAN,2,Shakib Al Hasan,13,12,24,2,0,108.33,False
175,2022,1298169,BAN v INDIA,INDIA,BAN,Adelaide Oval,BAN,2,Afif Hossain,3,5,12,0,0,60.00,False
176,2022,1298169,BAN v INDIA,INDIA,BAN,Adelaide Oval,BAN,2,Yasir Ali,1,3,8,0,0,33.33,False
177,2022,1298169,BAN v INDIA,INDIA,BAN,Adelaide Oval,BAN,2,Nurul Hasan,25,14,29,2,1,178.57,True
178,2022,1298169,BAN v INDIA,INDIA,BAN,Adelaide Oval,BAN,2,Mosaddek Hossain,6,3,4,0,1,200.00,False
179,2022,1298169,BAN v INDIA,INDIA,BAN,Adelaide Oval,BAN,2,Taskin Ahmed,12,7,22,1,1,171.42,True
180,2022,1298168,NED v ZIM,ZIM,NED,Adelaide Oval,ZIM,1,Wessly Madhevere,1,5,9,0,0,20.00,False
181,2022,1298168,NED v ZIM,ZIM,NED,Adelaide Oval,ZIM,1,Craig Ervine,3,12,18,0,0,25.00,False
182,2022,1298168,NED v ZIM,ZIM,NED,Adelaide Oval,ZIM,1,Regis Chakabva,5,16,18,1,0,31.25,False
183,2022,1298168,NED v ZIM,ZIM,NED,Adelaide Oval,ZIM,1,Sean Williams,28,23,39,3,0,121.73,False
184,2022,1298168,NED v ZIM,ZIM,NED,Adelaide Oval,ZIM,1,Sikandar Raza,40,24,46,3,3,166.66,False
185,2022,1298168,NED v ZIM,ZIM,NED,Adelaide Oval,ZIM,1,Milton Shumba,2,3,6,0,0,66.66,False
186,2022,1298168,NED v ZIM,ZIM,NED,Adelaide Oval,ZIM,1,Ryan Burl,2,7,19,0,0,28.57,False
187,2022,1298168,NED v ZIM,ZIM,NED,Adelaide Oval,ZIM,1,Luke Jongwe,6,8,12,0,0,75.00,False
188,2022,1298168,NED v ZIM,ZIM,NED,Adelaide Oval,ZIM,1,Richard Ngarava,9,7,12,0,1,128.57,False
189,2022,1298168,NED v ZIM,ZIM,NED,Adelaide Oval,ZIM,1,Tendai Chatara,6,7,15,0,0,85.71,True
190,2022,1298168,NED v ZIM,ZIM,NED,Adelaide Oval,ZIM,1,Blessing Muzarabani,1,4,9,0,0,25.00,False
191,2022,1298168,NED v ZIM,ZIM,NED,Adelaide Oval,NED,2,Stephan Myburgh,8,7,15,0,1,114.28,False
192,2022,1298168,NED v ZIM,ZIM,NED,Adelaide Oval,NED,2,Max O'Dowd,52,47,70,8,1,110.63,False
193,2022,1298168,NED v ZIM,ZIM,NED,Adelaide Oval,NED,2,Tom Cooper,32,29,42,2,1,110.34,False
194,2022,1298168,NED v ZIM,ZIM,NED,Adelaide Oval,NED,2,Colin Ackermann,1,5,6,0,0,20.00,False
195,2022,1298168,NED v ZIM,ZIM,NED,Adelaide Oval,NED,2,Bas de Leede,12,12,21,2,0,100.00,True
196,2022,1298168,NED v ZIM,ZIM,NED,Adelaide Oval,NED,2,Scott Edwards,5,6,8,1,0,83.33,False
197,2022,1298168,NED v ZIM,ZIM,NED,Adelaide Oval,NED,2,Roelof van der Merwe,0,3,6,0,0,0.00,True
198,2022,1298167,ENG v NZ,ENG,NZ,"Brisbane Cricket Ground, Woolloongabba, Brisbane",ENG,1,Jos Buttler,73,47,82,7,2,155.31,False
199,2022,1298167,ENG v NZ,ENG,NZ,"Brisbane Cricket Ground, Woolloongabba, Brisbane",ENG,1,Alex Hales,52,40,46,7,1,130.00,False
200,2022,1298167,ENG v NZ,ENG,NZ,"Brisbane Cricket Ground, Woolloongabba, Brisbane",ENG,1,Moeen Ali,5,6,13,0,0,83.33,False
201,2022,1298167,ENG v NZ,ENG,NZ,"Brisbane Cricket Ground, Woolloongabba, Brisbane",ENG,1,Liam Livingstone,20,14,20,1,1,142.85,False
202,2022,1298167,ENG v NZ,ENG,NZ,"Brisbane Cricket Ground, Woolloongabba, Brisbane",ENG,1,Harry Brook,7,3,6,0,1,233.33,False
203,2022,1298167,ENG v NZ,ENG,NZ,"Brisbane Cricket Ground, Woolloongabba, Brisbane",ENG,1,Ben Stokes,8,7,11,0,0,114.28,False
204,2022,1298167,ENG v NZ,ENG,NZ,"Brisbane Cricket Ground, Woolloongabba, Brisbane",ENG,1,Sam Curran,6,3,7,0,1,200.00,True
205,2022,1298167,ENG v NZ,ENG,NZ,"Brisbane Cricket Ground, Woolloongabba, Brisbane",ENG,1,Dawid Malan,3,1,1,0,0,300.00,True
206,2022,1298167,ENG v NZ,ENG,NZ,"Brisbane Cricket Ground, Woolloongabba, Brisbane",NZ,2,Finn Allen,16,11,25,0,1,145.45,False
207,2022,1298167,ENG v NZ,ENG,NZ,"Brisbane Cricket Ground, Woolloongabba, Brisbane",NZ,2,Devon Conway,3,9,12,0,0,33.33,False
208,2022,1298167,ENG v NZ,ENG,NZ,"Brisbane Cricket Ground, Woolloongabba, Brisbane",NZ,2,Kane Williamson,40,40,57,3,0,100.00,False
209,2022,1298167,ENG v NZ,ENG,NZ,"Brisbane Cricket Ground, Woolloongabba, Brisbane",NZ,2,Glenn Phillips,62,36,64,4,3,172.22,False
210,2022,1298167,ENG v NZ,ENG,NZ,"Brisbane Cricket Ground, Woolloongabba, Brisbane",NZ,2,James Neesham,6,3,7,1,0,200.00,False
211,2022,1298167,ENG v NZ,ENG,NZ,"Brisbane Cricket Ground, Woolloongabba, Brisbane",NZ,2,Daryl Mitchell,3,5,10,0,0,60.00,False
212,2022,1298167,ENG v NZ,ENG,NZ,"Brisbane Cricket Ground, Woolloongabba, Brisbane",NZ,2,Mitchell Santner,16,10,19,0,1,160.00,True
213,2022,1298167,ENG v NZ,ENG,NZ,"Brisbane Cricket Ground, Woolloongabba, Brisbane",NZ,2,Ish Sodhi,6,6,4,0,0,100.00,True
214,2022,1298166,AFG v SL,AFG,SL,"Brisbane Cricket Ground, Woolloongabba, Brisbane",AFG,1,Rahmanullah Gurbaz,28,24,33,2,2,116.66,False
215,2022,1298166,AFG v SL,AFG,SL,"Brisbane Cricket Ground, Woolloongabba, Brisbane",AFG,1,Usman Ghani,27,27,54,2,1,100.00,False
216,2022,1298166,AFG v SL,AFG,SL,"Brisbane Cricket Ground, Woolloongabba, Brisbane",AFG,1,Ibrahim Zadran,22,18,35,1,1,122.22,False
217,2022,1298166,AFG v SL,AFG,SL,"Brisbane Cricket Ground, Woolloongabba, Brisbane",AFG,1,Najibullah Zadran,18,16,29,1,0,112.50,False
218,2022,1298166,AFG v SL,AFG,SL,"Brisbane Cricket Ground, Woolloongabba, Brisbane",AFG,1,Gulbadin Naib,12,14,25,0,0,85.71,False
219,2022,1298166,AFG v SL,AFG,SL,"Brisbane Cricket Ground, Woolloongabba, Brisbane",AFG,1,Mohammad Nabi,13,8,15,1,0,162.50,False
220,2022,1298166,AFG v SL,AFG,SL,"Brisbane Cricket Ground, Woolloongabba, Brisbane",AFG,1,Rashid Khan,9,8,10,1,0,112.50,False
221,2022,1298166,AFG v SL,AFG,SL,"Brisbane Cricket Ground, Woolloongabba, Brisbane",AFG,1,Azmatullah Omarzai,3,4,3,0,0,75.00,True
222,2022,1298166,AFG v SL,AFG,SL,"Brisbane Cricket Ground, Woolloongabba, Brisbane",AFG,1,Mujeeb Ur Rahman,1,2,1,0,0,50.00,False
223,2022,1298166,AFG v SL,AFG,SL,"Brisbane Cricket Ground, Woolloongabba, Brisbane",SL,2,Pathum Nissanka,10,10,10,2,0,100.00,False
224,2022,1298166,AFG v SL,AFG,SL,"Brisbane Cricket Ground, Woolloongabba, Brisbane",SL,2,Kusal Mendis,25,27,33,2,1,92.59,False
225,2022,1298166,AFG v SL,AFG,SL,"Brisbane Cricket Ground, Woolloongabba, Brisbane",SL,2,Dhananjaya de Silva,66,42,78,6,2,157.14,True
226,2022,1298166,AFG v SL,AFG,SL,"Brisbane Cricket Ground, Woolloongabba, Brisbane",SL,2,Charith Asalanka,19,18,27,1,0,105.55,False
227,2022,1298166,AFG v SL,AFG,SL,"Brisbane Cricket Ground, Woolloongabba, Brisbane",SL,2,Bhanuka Rajapaksa,18,14,24,3,0,128.57,False
228,2022,1298166,AFG v SL,AFG,SL,"Brisbane Cricket Ground, Woolloongabba, Brisbane",SL,2,Dasun Shanaka,0,0,4,0,0,-,True
229,2022,1298165,AUS v IRE,AUS,IRE,"Brisbane Cricket Ground, Woolloongabba, Brisbane",AUS,1,David Warner,3,7,13,0,0,42.85,False
230,2022,1298165,AUS v IRE,AUS,IRE,"Brisbane Cricket Ground, Woolloongabba, Brisbane",AUS,1,Aaron Finch,63,44,87,5,3,143.18,False
231,2022,1298165,AUS v IRE,AUS,IRE,"Brisbane Cricket Ground, Woolloongabba, Brisbane",AUS,1,Mitchell Marsh,28,22,28,2,2,127.27,False
232,2022,1298165,AUS v IRE,AUS,IRE,"Brisbane Cricket Ground, Woolloongabba, Brisbane",AUS,1,Glenn Maxwell,13,9,18,0,1,144.44,False
233,2022,1298165,AUS v IRE,AUS,IRE,"Brisbane Cricket Ground, Woolloongabba, Brisbane",AUS,1,Marcus Stoinis,35,25,41,3,1,140.00,False
234,2022,1298165,AUS v IRE,AUS,IRE,"Brisbane Cricket Ground, Woolloongabba, Brisbane",AUS,1,Tim David,15,10,15,2,0,150.00,True
235,2022,1298165,AUS v IRE,AUS,IRE,"Brisbane Cricket Ground, Woolloongabba, Brisbane",AUS,1,Matthew Wade,7,3,7,1,0,233.33,True
236,2022,1298165,AUS v IRE,AUS,IRE,"Brisbane Cricket Ground, Woolloongabba, Brisbane",IRE,2,Paul Stirling,11,7,11,1,1,157.14,False
237,2022,1298165,AUS v IRE,AUS,IRE,"Brisbane Cricket Ground, Woolloongabba, Brisbane",IRE,2,Andy Balbirnie,6,7,11,0,1,85.71,False
238,2022,1298165,AUS v IRE,AUS,IRE,"Brisbane Cricket Ground, Woolloongabba, Brisbane",IRE,2,Lorcan Tucker,71,48,81,9,1,147.91,True
239,2022,1298165,AUS v IRE,AUS,IRE,"Brisbane Cricket Ground, Woolloongabba, Brisbane",IRE,2,Harry Tector,6,4,3,1,0,150.00,False
240,2022,1298165,AUS v IRE,AUS,IRE,"Brisbane Cricket Ground, Woolloongabba, Brisbane",IRE,2,Curtis Campher,0,1,5,0,0,0.00,False
241,2022,1298165,AUS v IRE,AUS,IRE,"Brisbane Cricket Ground, Woolloongabba, Brisbane",IRE,2,George Dockrell,0,4,4,0,0,0.00,False
242,2022,1298165,AUS v IRE,AUS,IRE,"Brisbane Cricket Ground, Woolloongabba, Brisbane",IRE,2,Gareth Delany,14,10,27,2,0,140.00,False
243,2022,1298165,AUS v IRE,AUS,IRE,"Brisbane Cricket Ground, Woolloongabba, Brisbane",IRE,2,Mark Adair,11,11,13,1,0,100.00,False
244,2022,1298165,AUS v IRE,AUS,IRE,"Brisbane Cricket Ground, Woolloongabba, Brisbane",IRE,2,Fionn Hand,6,6,10,1,0,100.00,False
245,2022,1298165,AUS v IRE,AUS,IRE,"Brisbane Cricket Ground, Woolloongabba, Brisbane",IRE,2,Barry McCarthy,3,7,16,0,0,42.85,False
246,2022,1298165,AUS v IRE,AUS,IRE,"Brisbane Cricket Ground, Woolloongabba, Brisbane",IRE,2,Josh Little,1,5,6,0,0,20.00,False
247,2022,1298164,INDIA v SA,INDIA,SA,Perth Stadium,INDIA,1,KL Rahul,9,14,25,0,1,64.28,False
248,2022,1298164,INDIA v SA,INDIA,SA,Perth Stadium,INDIA,1,Rohit Sharma,15,14,22,1,1,107.14,False
249,2022,1298164,INDIA v SA,INDIA,SA,Perth Stadium,INDIA,1,Virat Kohli,12,11,13,2,0,109.09,False
250,2022,1298164,INDIA v SA,INDIA,SA,Perth Stadium,INDIA,1,Suryakumar Yadav,68,40,68,6,3,170.00,False
251,2022,1298164,INDIA v SA,INDIA,SA,Perth Stadium,INDIA,1,Deepak Hooda,0,3,4,0,0,0.00,False
252,2022,1298164,INDIA v SA,INDIA,SA,Perth Stadium,INDIA,1,Hardik Pandya,2,3,6,0,0,66.66,False
253,2022,1298164,INDIA v SA,INDIA,SA,Perth Stadium,INDIA,1,Dinesh Karthik,6,15,33,0,0,40.00,False
254,2022,1298164,INDIA v SA,INDIA,SA,Perth Stadium,INDIA,1,Ravichandran Ashwin,7,11,15,0,0,63.63,False
255,2022,1298164,INDIA v SA,INDIA,SA,Perth Stadium,INDIA,1,Bhuvneshwar Kumar,4,6,9,0,0,66.66,True
256,2022,1298164,INDIA v SA,INDIA,SA,Perth Stadium,INDIA,1,Mohammed Shami,0,2,5,0,0,0.00,False
257,2022,1298164,INDIA v SA,INDIA,SA,Perth Stadium,INDIA,1,Arshdeep Singh,2,1,2,0,0,200.00,True
258,2022,1298164,INDIA v SA,INDIA,SA,Perth Stadium,SA,2,Quinton de Kock,1,3,7,0,0,33.33,False
259,2022,1298164,INDIA v SA,INDIA,SA,Perth Stadium,SA,2,Temba Bavuma,10,15,30,0,1,66.66,False
260,2022,1298164,INDIA v SA,INDIA,SA,Perth Stadium,SA,2,Rilee Rossouw,0,2,4,0,0,0.00,False
261,2022,1298164,INDIA v SA,INDIA,SA,Perth Stadium,SA,2,Aiden Markram,52,41,72,6,1,126.82,False
262,2022,1298164,INDIA v SA,INDIA,SA,Perth Stadium,SA,2,David Miller,59,46,78,4,3,128.26,True
263,2022,1298164,INDIA v SA,INDIA,SA,Perth Stadium,SA,2,Tristan Stubbs,6,6,15,1,0,100.00,False
264,2022,1298164,INDIA v SA,INDIA,SA,Perth Stadium,SA,2,Wayne Parnell,2,5,11,0,0,40.00,True
265,2022,1298163,NED v PAK,NED,PAK,Perth Stadium,NED,1,Stephan Myburgh,6,11,13,1,0,54.54,False
266,2022,1298163,NED v PAK,NED,PAK,Perth Stadium,NED,1,Max O'Dowd,8,13,41,0,0,61.53,False
267,2022,1298163,NED v PAK,NED,PAK,Perth Stadium,NED,1,Bas de Leede,6,16,15,1,0,37.50,False
268,2022,1298163,NED v PAK,NED,PAK,Perth Stadium,NED,1,Tom Cooper,1,2,4,0,0,50.00,False
269,2022,1298163,NED v PAK,NED,PAK,Perth Stadium,NED,1,Colin Ackermann,27,27,40,2,0,100.00,False
270,2022,1298163,NED v PAK,NED,PAK,Perth Stadium,NED,1,Scott Edwards,15,20,38,1,0,75.00,False
271,2022,1298163,NED v PAK,NED,PAK,Perth Stadium,NED,1,Roelof van der Merwe,5,6,12,0,0,83.33,False
272,2022,1298163,NED v PAK,NED,PAK,Perth Stadium,NED,1,Tim Pringle,5,8,15,0,0,62.50,False
273,2022,1298163,NED v PAK,NED,PAK,Perth Stadium,NED,1,Logan van Beek,6,9,18,0,0,66.66,True
274,2022,1298163,NED v PAK,NED,PAK,Perth Stadium,NED,1,Fred Klaassen,0,1,1,0,0,0.00,False
275,2022,1298163,NED v PAK,NED,PAK,Perth Stadium,NED,1,Paul van Meekeren,7,7,8,0,0,100.00,False
276,2022,1298163,NED v PAK,NED,PAK,Perth Stadium,PAK,2,Mohammad Rizwan,49,39,66,5,0,125.64,False
277,2022,1298163,NED v PAK,NED,PAK,Perth Stadium,PAK,2,Babar Azam,4,5,10,1,0,80.00,False
278,2022,1298163,NED v PAK,NED,PAK,Perth Stadium,PAK,2,Fakhar Zaman,20,16,27,3,0,125.00,False
279,2022,1298163,NED v PAK,NED,PAK,Perth Stadium,PAK,2,Shan Masood,12,16,35,0,0,75.00,False
280,2022,1298163,NED v PAK,NED,PAK,Perth Stadium,PAK,2,Iftikhar Ahmed,6,5,10,0,0,120.00,True
281,2022,1298163,NED v PAK,NED,PAK,Perth Stadium,PAK,2,Shadab Khan,4,2,2,1,0,200.00,True
282,2022,1298162,BAN v ZIM,BAN,ZIM,"Brisbane Cricket Ground, Woolloongabba, Brisbane",BAN,1,Najmul Hossain Shanto,71,55,77,7,1,129.09,False
283,2022,1298162,BAN v ZIM,BAN,ZIM,"Brisbane Cricket Ground, Woolloongabba, Brisbane",BAN,1,Soumya Sarkar,0,2,9,0,0,0.00,False
284,2022,1298162,BAN v ZIM,BAN,ZIM,"Brisbane Cricket Ground, Woolloongabba, Brisbane",BAN,1,Litton Das,14,12,22,3,0,116.66,False
285,2022,1298162,BAN v ZIM,BAN,ZIM,"Brisbane Cricket Ground, Woolloongabba, Brisbane",BAN,1,Shakib Al Hasan,23,20,32,1,0,115.00,False
286,2022,1298162,BAN v ZIM,BAN,ZIM,"Brisbane Cricket Ground, Woolloongabba, Brisbane",BAN,1,Afif Hossain,29,19,40,1,1,152.63,False
287,2022,1298162,BAN v ZIM,BAN,ZIM,"Brisbane Cricket Ground, Woolloongabba, Brisbane",BAN,1,Mosaddek Hossain,7,10,18,0,0,70.00,False
288,2022,1298162,BAN v ZIM,BAN,ZIM,"Brisbane Cricket Ground, Woolloongabba, Brisbane",BAN,1,Nurul Hasan,1,1,5,0,0,100.00,False
289,2022,1298162,BAN v ZIM,BAN,ZIM,"Brisbane Cricket Ground, Woolloongabba, Brisbane",BAN,1,Yasir Ali,1,1,3,0,0,100.00,True
290,2022,1298162,BAN v ZIM,BAN,ZIM,"Brisbane Cricket Ground, Woolloongabba, Brisbane",ZIM,2,Wessly Madhevere,4,3,1,1,0,133.33,False
291,2022,1298162,BAN v ZIM,BAN,ZIM,"Brisbane Cricket Ground, Woolloongabba, Brisbane",ZIM,2,Craig Ervine,8,7,16,2,0,114.28,False
292,2022,1298162,BAN v ZIM,BAN,ZIM,"Brisbane Cricket Ground, Woolloongabba, Brisbane",ZIM,2,Milton Shumba,8,15,24,1,0,53.33,False
293,2022,1298162,BAN v ZIM,BAN,ZIM,"Brisbane Cricket Ground, Woolloongabba, Brisbane",ZIM,2,Sean Williams,64,42,75,8,0,152.38,False
294,2022,1298162,BAN v ZIM,BAN,ZIM,"Brisbane Cricket Ground, Woolloongabba, Brisbane",ZIM,2,Sikandar Raza,0,3,4,0,0,0.00,False
295,2022,1298162,BAN v ZIM,BAN,ZIM,"Brisbane Cricket Ground, Woolloongabba, Brisbane",ZIM,2,Regis Chakabva,15,19,24,0,0,78.94,False
296,2022,1298162,BAN v ZIM,BAN,ZIM,"Brisbane Cricket Ground, Woolloongabba, Brisbane",ZIM,2,Ryan Burl,27,25,50,2,1,108.00,True
297,2022,1298162,BAN v ZIM,BAN,ZIM,"Brisbane Cricket Ground, Woolloongabba, Brisbane",ZIM,2,Brad Evans,2,2,5,0,0,100.00,False
298,2022,1298162,BAN v ZIM,BAN,ZIM,"Brisbane Cricket Ground, Woolloongabba, Brisbane",ZIM,2,Richard Ngarava,6,3,6,0,1,200.00,False
299,2022,1298162,BAN v ZIM,BAN,ZIM,"Brisbane Cricket Ground, Woolloongabba, Brisbane",ZIM,2,Blessing Muzarabani,0,2,6,0,0,0.00,True
300,2022,1298161,NZ v SL,NZ,SL,Sydney Cricket Ground,NZ,1,Finn Allen,1,3,3,0,0,33.33,False
301,2022,1298161,NZ v SL,NZ,SL,Sydney Cricket Ground,NZ,1,Devon Conway,1,4,14,0,0,25.00,False
302,2022,1298161,NZ v SL,NZ,SL,Sydney Cricket Ground,NZ,1,Kane Williamson,8,13,18,1,0,61.53,False
303,2022,1298161,NZ v SL,NZ,SL,Sydney Cricket Ground,NZ,1,Glenn Phillips,104,64,87,10,4,162.50,False
304,2022,1298161,NZ v SL,NZ,SL,Sydney Cricket Ground,NZ,1,Daryl Mitchell,22,24,52,0,0,91.66,False
305,2022,1298161,NZ v SL,NZ,SL,Sydney Cricket Ground,NZ,1,James Neesham,5,8,15,0,0,62.50,False
306,2022,1298161,NZ v SL,NZ,SL,Sydney Cricket Ground,NZ,1,Mitchell Santner,11,5,17,0,1,220.00,True
307,2022,1298161,NZ v SL,NZ,SL,Sydney Cricket Ground,NZ,1,Ish Sodhi,1,1,3,0,0,100.00,False
308,2022,1298161,NZ v SL,NZ,SL,Sydney Cricket Ground,NZ,1,Tim Southee,4,1,1,1,0,400.00,True
309,2022,1298161,NZ v SL,NZ,SL,Sydney Cricket Ground,SL,2,Pathum Nissanka,0,5,5,0,0,0.00,False
310,2022,1298161,NZ v SL,NZ,SL,Sydney Cricket Ground,SL,2,Kusal Mendis,4,3,9,1,0,133.33,False
311,2022,1298161,NZ v SL,NZ,SL,Sydney Cricket Ground,SL,2,Dhananjaya de Silva,0,3,8,0,0,0.00,False
312,2022,1298161,NZ v SL,NZ,SL,Sydney Cricket Ground,SL,2,Charith Asalanka,4,8,11,0,0,50.00,False
313,2022,1298161,NZ v SL,NZ,SL,Sydney Cricket Ground,SL,2,Bhanuka Rajapaksa,34,22,38,3,2,154.54,False
314,2022,1298161,NZ v SL,NZ,SL,Sydney Cricket Ground,SL,2,Chamika Karunaratne,3,8,13,0,0,37.50,False
315,2022,1298161,NZ v SL,NZ,SL,Sydney Cricket Ground,SL,2,Dasun Shanaka,35,32,49,4,1,109.37,False
316,2022,1298161,NZ v SL,NZ,SL,Sydney Cricket Ground,SL,2,Wanindu Hasaranga de Silva,4,6,6,1,0,66.66,False
317,2022,1298161,NZ v SL,NZ,SL,Sydney Cricket Ground,SL,2,Maheesh Theekshana,0,3,5,0,0,0.00,False
318,2022,1298161,NZ v SL,NZ,SL,Sydney Cricket Ground,SL,2,Kasun Rajitha,8,21,30,0,0,38.09,True
319,2022,1298161,NZ v SL,NZ,SL,Sydney Cricket Ground,SL,2,Lahiru Kumara,4,5,10,1,0,80.00,False
320,2022,1298158,PAK v ZIM,ZIM,PAK,Perth Stadium,ZIM,1,Wessly Madhevere,17,13,30,3,0,130.76,False
321,2022,1298158,PAK v ZIM,ZIM,PAK,Perth Stadium,ZIM,1,Craig Ervine,19,19,26,2,0,100.00,False
322,2022,1298158,PAK v ZIM,ZIM,PAK,Perth Stadium,ZIM,1,Milton Shumba,8,10,22,1,0,80.00,False
323,2022,1298158,PAK v ZIM,ZIM,PAK,Perth Stadium,ZIM,1,Sean Williams,31,28,37,3,0,110.71,False
324,2022,1298158,PAK v ZIM,ZIM,PAK,Perth Stadium,ZIM,1,Sikandar Raza,9,16,22,1,0,56.25,False
325,2022,1298158,PAK v ZIM,ZIM,PAK,Perth Stadium,ZIM,1,Regis Chakabva,0,1,2,0,0,0.00,False
326,2022,1298158,PAK v ZIM,ZIM,PAK,Perth Stadium,ZIM,1,Ryan Burl,10,15,30,0,0,66.66,True
327,2022,1298158,PAK v ZIM,ZIM,PAK,Perth Stadium,ZIM,1,Luke Jongwe,0,1,2,0,0,0.00,False
328,2022,1298158,PAK v ZIM,ZIM,PAK,Perth Stadium,ZIM,1,Brad Evans,19,15,24,0,1,126.66,False
329,2022,1298158,PAK v ZIM,ZIM,PAK,Perth Stadium,ZIM,1,Richard Ngarava,3,2,3,0,0,150.00,True
330,2022,1298158,PAK v ZIM,ZIM,PAK,Perth Stadium,PAK,2,Mohammad Rizwan,14,16,23,1,1,87.50,False
331,2022,1298158,PAK v ZIM,ZIM,PAK,Perth Stadium,PAK,2,Babar Azam,4,9,17,1,0,44.44,False
332,2022,1298158,PAK v ZIM,ZIM,PAK,Perth Stadium,PAK,2,Shan Masood,44,38,61,3,0,115.78,False
333,2022,1298158,PAK v ZIM,ZIM,PAK,Perth Stadium,PAK,2,Iftikhar Ahmed,5,10,16,1,0,50.00,False
334,2022,1298158,PAK v ZIM,ZIM,PAK,Perth Stadium,PAK,2,Shadab Khan,17,14,27,0,1,121.42,False
335,2022,1298158,PAK v ZIM,ZIM,PAK,Perth Stadium,PAK,2,Haider Ali,0,1,3,0,0,0.00,False
336,2022,1298158,PAK v ZIM,ZIM,PAK,Perth Stadium,PAK,2,Mohammad Nawaz,22,18,36,1,1,122.22,False
337,2022,1298158,PAK v ZIM,ZIM,PAK,Perth Stadium,PAK,2,Mohammad Wasim,12,13,29,2,0,92.30,True
338,2022,1298158,PAK v ZIM,ZIM,PAK,Perth Stadium,PAK,2,Shaheen Shah Afridi,1,1,3,0,0,100.00,False
339,2022,1298157,INDIA v NED,INDIA,NED,Sydney Cricket Ground,INDIA,1,KL Rahul,9,12,12,1,0,75.00,False
340,2022,1298157,INDIA v NED,INDIA,NED,Sydney Cricket Ground,INDIA,1,Rohit Sharma,53,39,53,4,3,135.89,False
341,2022,1298157,INDIA v NED,INDIA,NED,Sydney Cricket Ground,INDIA,1,Virat Kohli,62,44,79,3,2,140.90,True
342,2022,1298157,INDIA v NED,INDIA,NED,Sydney Cricket Ground,INDIA,1,Suryakumar Yadav,51,25,38,7,1,204.00,True
343,2022,1298157,INDIA v NED,INDIA,NED,Sydney Cricket Ground,NED,2,Vikramjit Singh,1,9,13,0,0,11.11,False
344,2022,1298157,INDIA v NED,INDIA,NED,Sydney Cricket Ground,NED,2,Max O'Dowd,16,10,22,3,0,160.00,False
345,2022,1298157,INDIA v NED,INDIA,NED,Sydney Cricket Ground,NED,2,Bas de Leede,16,23,27,0,0,69.56,False
346,2022,1298157,INDIA v NED,INDIA,NED,Sydney Cricket Ground,NED,2,Colin Ackermann,17,21,31,1,0,80.95,False
347,2022,1298157,INDIA v NED,INDIA,NED,Sydney Cricket Ground,NED,2,Tom Cooper,9,12,12,0,0,75.00,False
348,2022,1298157,INDIA v NED,INDIA,NED,Sydney Cricket Ground,NED,2,Scott Edwards,5,8,21,0,0,62.50,False
349,2022,1298157,INDIA v NED,INDIA,NED,Sydney Cricket Ground,NED,2,Tim Pringle,20,15,14,1,1,133.33,False
350,2022,1298157,INDIA v NED,INDIA,NED,Sydney Cricket Ground,NED,2,Logan van Beek,3,5,11,0,0,60.00,False
351,2022,1298157,INDIA v NED,INDIA,NED,Sydney Cricket Ground,NED,2,Shariz Ahmad,16,11,18,2,0,145.45,True
352,2022,1298157,INDIA v NED,INDIA,NED,Sydney Cricket Ground,NED,2,Fred Klaassen,0,1,3,0,0,0.00,False
353,2022,1298157,INDIA v NED,INDIA,NED,Sydney Cricket Ground,NED,2,Paul van Meekeren,14,6,9,3,0,233.33,True
354,2022,1298156,BAN v SA,SA,BAN,Sydney Cricket Ground,SA,1,Temba Bavuma,2,6,6,0,0,33.33,False
355,2022,1298156,BAN v SA,SA,BAN,Sydney Cricket Ground,SA,1,Quinton de Kock,63,38,77,7,3,165.78,False
356,2022,1298156,BAN v SA,SA,BAN,Sydney Cricket Ground,SA,1,Rilee Rossouw,109,56,90,7,8,194.64,False
357,2022,1298156,BAN v SA,SA,BAN,Sydney Cricket Ground,SA,1,Tristan Stubbs,7,7,9,1,0,100.00,False
358,2022,1298156,BAN v SA,SA,BAN,Sydney Cricket Ground,SA,1,Aiden Markram,10,11,16,1,0,90.90,False
359,2022,1298156,BAN v SA,SA,BAN,Sydney Cricket Ground,SA,1,David Miller,2,4,8,0,0,50.00,True
360,2022,1298156,BAN v SA,SA,BAN,Sydney Cricket Ground,SA,1,Wayne Parnell,0,2,2,0,0,0.00,True
361,2022,1298156,BAN v SA,SA,BAN,Sydney Cricket Ground,BAN,2,Najmul Hossain Shanto,9,9,15,1,0,100.00,False
362,2022,1298156,BAN v SA,SA,BAN,Sydney Cricket Ground,BAN,2,Soumya Sarkar,15,6,11,0,2,250.00,False
363,2022,1298156,BAN v SA,SA,BAN,Sydney Cricket Ground,BAN,2,Litton Das,34,31,57,1,1,109.67,False
364,2022,1298156,BAN v SA,SA,BAN,Sydney Cricket Ground,BAN,2,Shakib Al Hasan,1,4,11,0,0,25.00,False
365,2022,1298156,BAN v SA,SA,BAN,Sydney Cricket Ground,BAN,2,Afif Hossain,1,5,8,0,0,20.00,False
366,2022,1298156,BAN v SA,SA,BAN,Sydney Cricket Ground,BAN,2,Mehidy Hasan Miraz,11,13,17,0,0,84.61,False
367,2022,1298156,BAN v SA,SA,BAN,Sydney Cricket Ground,BAN,2,Mosaddek Hossain,0,3,4,0,0,0.00,False
368,2022,1298156,BAN v SA,SA,BAN,Sydney Cricket Ground,BAN,2,Nurul Hasan,2,6,7,0,0,33.33,False
369,2022,1298156,BAN v SA,SA,BAN,Sydney Cricket Ground,BAN,2,Taskin Ahmed,10,17,22,1,0,58.82,False
370,2022,1298156,BAN v SA,SA,BAN,Sydney Cricket Ground,BAN,2,Hasan Mahmud,0,2,7,0,0,0.00,False
371,2022,1298156,BAN v SA,SA,BAN,Sydney Cricket Ground,BAN,2,Mustafizur Rahman,9,3,8,0,1,300.00,True
372,2022,1298154,ENG v IRE,IRE,ENG,Melbourne Cricket Ground,IRE,1,Paul Stirling,14,8,16,1,1,175.00,False
373,2022,1298154,ENG v IRE,IRE,ENG,Melbourne Cricket Ground,IRE,1,Andy Balbirnie,62,47,74,5,2,131.91,False
374,2022,1298154,ENG v IRE,IRE,ENG,Melbourne Cricket Ground,IRE,1,Lorcan Tucker,34,27,42,3,1,125.92,False
375,2022,1298154,ENG v IRE,IRE,ENG,Melbourne Cricket Ground,IRE,1,Harry Tector,0,2,3,0,0,0.00,False
376,2022,1298154,ENG v IRE,IRE,ENG,Melbourne Cricket Ground,IRE,1,Curtis Campher,18,11,22,3,0,163.63,False
377,2022,1298154,ENG v IRE,IRE,ENG,Melbourne Cricket Ground,IRE,1,George Dockrell,0,1,2,0,0,0.00,False
378,2022,1298154,ENG v IRE,IRE,ENG,Melbourne Cricket Ground,IRE,1,Gareth Delany,12,10,22,1,0,120.00,True
379,2022,1298154,ENG v IRE,IRE,ENG,Melbourne Cricket Ground,IRE,1,Mark Adair,4,4,8,0,0,100.00,False
380,2022,1298154,ENG v IRE,IRE,ENG,Melbourne Cricket Ground,IRE,1,Barry McCarthy,3,3,4,0,0,100.00,False
381,2022,1298154,ENG v IRE,IRE,ENG,Melbourne Cricket Ground,IRE,1,Fionn Hand,1,2,4,0,0,50.00,False
382,2022,1298154,ENG v IRE,IRE,ENG,Melbourne Cricket Ground,IRE,1,Josh Little,0,1,3,0,0,0.00,False
383,2022,1298154,ENG v IRE,IRE,ENG,Melbourne Cricket Ground,ENG,2,Jos Buttler,0,2,3,0,0,0.00,False
384,2022,1298154,ENG v IRE,IRE,ENG,Melbourne Cricket Ground,ENG,2,Alex Hales,7,5,14,1,0,140.00,False
385,2022,1298154,ENG v IRE,IRE,ENG,Melbourne Cricket Ground,ENG,2,Dawid Malan,35,37,66,2,0,94.59,False
386,2022,1298154,ENG v IRE,IRE,ENG,Melbourne Cricket Ground,ENG,2,Ben Stokes,6,8,14,0,0,75.00,False
387,2022,1298154,ENG v IRE,IRE,ENG,Melbourne Cricket Ground,ENG,2,Harry Brook,18,21,30,1,0,85.71,False
388,2022,1298154,ENG v IRE,IRE,ENG,Melbourne Cricket Ground,ENG,2,Moeen Ali,24,12,18,3,1,200.00,True
389,2022,1298154,ENG v IRE,IRE,ENG,Melbourne Cricket Ground,ENG,2,Liam Livingstone,1,2,7,0,0,50.00,True
390,2022,1298153,AUS v SL,SL,AUS,Perth Stadium,SL,1,Pathum Nissanka,40,45,65,2,0,88.88,False
391,2022,1298153,AUS v SL,SL,AUS,Perth Stadium,SL,1,Kusal Mendis,5,6,9,1,0,83.33,False
392,2022,1298153,AUS v SL,SL,AUS,Perth Stadium,SL,1,Dhananjaya de Silva,26,23,47,3,0,113.04,False
393,2022,1298153,AUS v SL,SL,AUS,Perth Stadium,SL,1,Charith Asalanka,38,25,45,3,2,152.00,True
394,2022,1298153,AUS v SL,SL,AUS,Perth Stadium,SL,1,Bhanuka Rajapaksa,7,5,9,1,0,140.00,False
395,2022,1298153,AUS v SL,SL,AUS,Perth Stadium,SL,1,Dasun Shanaka,3,5,6,0,0,60.00,False
396,2022,1298153,AUS v SL,SL,AUS,Perth Stadium,SL,1,Wanindu Hasaranga de Silva,1,4,8,0,0,25.00,False
397,2022,1298153,AUS v SL,SL,AUS,Perth Stadium,SL,1,Chamika Karunaratne,14,7,16,2,0,200.00,True
398,2022,1298153,AUS v SL,SL,AUS,Perth Stadium,AUS,2,David Warner,11,10,26,0,0,110.00,False
399,2022,1298153,AUS v SL,SL,AUS,Perth Stadium,AUS,2,Aaron Finch,31,42,89,0,1,73.80,True
400,2022,1298153,AUS v SL,SL,AUS,Perth Stadium,AUS,2,Mitchell Marsh,17,17,20,1,1,100.00,False
401,2022,1298153,AUS v SL,SL,AUS,Perth Stadium,AUS,2,Glenn Maxwell,23,12,21,2,2,191.66,False
402,2022,1298153,AUS v SL,SL,AUS,Perth Stadium,AUS,2,Marcus Stoinis,59,18,22,4,6,327.77,True
403,2022,1298152,SA v ZIM,ZIM,SA,"Bellerive Oval, Hobart",ZIM,1,Regis Chakabva,8,8,13,0,1,100.00,False
404,2022,1298152,SA v ZIM,ZIM,SA,"Bellerive Oval, Hobart",ZIM,1,Craig Ervine,2,6,11,0,0,33.33,False
405,2022,1298152,SA v ZIM,ZIM,SA,"Bellerive Oval, Hobart",ZIM,1,Sean Williams,1,1,10,0,0,100.00,False
406,2022,1298152,SA v ZIM,ZIM,SA,"Bellerive Oval, Hobart",ZIM,1,Sikandar Raza,0,2,3,0,0,0.00,False
407,2022,1298152,SA v ZIM,ZIM,SA,"Bellerive Oval, Hobart",ZIM,1,Wessly Madhevere,35,18,37,4,1,194.44,True
408,2022,1298152,SA v ZIM,ZIM,SA,"Bellerive Oval, Hobart",ZIM,1,Milton Shumba,18,20,32,2,0,90.00,False
409,2022,1298152,SA v ZIM,ZIM,SA,"Bellerive Oval, Hobart",SA,2,Quinton de Kock,47,18,26,8,1,261.11,True
410,2022,1298152,SA v ZIM,ZIM,SA,"Bellerive Oval, Hobart",SA,2,Temba Bavuma,2,2,26,0,0,100.00,True
411,2022,1298151,BAN v NED,BAN,NED,"Bellerive Oval, Hobart",BAN,1,Najmul Hossain Shanto,25,20,31,4,0,125.00,False
412,2022,1298151,BAN v NED,BAN,NED,"Bellerive Oval, Hobart",BAN,1,Soumya Sarkar,14,14,24,2,0,100.00,False
413,2022,1298151,BAN v NED,BAN,NED,"Bellerive Oval, Hobart",BAN,1,Litton Das,9,11,17,0,0,81.81,False
414,2022,1298151,BAN v NED,BAN,NED,"Bellerive Oval, Hobart",BAN,1,Shakib Al Hasan,7,9,14,0,0,77.77,False
415,2022,1298151,BAN v NED,BAN,NED,"Bellerive Oval, Hobart",BAN,1,Afif Hossain,38,27,47,2,2,140.74,False
416,2022,1298151,BAN v NED,BAN,NED,"Bellerive Oval, Hobart",BAN,1,Yasir Ali,3,5,9,0,0,60.00,False
417,2022,1298151,BAN v NED,BAN,NED,"Bellerive Oval, Hobart",BAN,1,Nurul Hasan,13,18,28,0,0,72.22,False
418,2022,1298151,BAN v NED,BAN,NED,"Bellerive Oval, Hobart",BAN,1,Mosaddek Hossain,20,12,12,2,1,166.66,True
419,2022,1298151,BAN v NED,BAN,NED,"Bellerive Oval, Hobart",BAN,1,Taskin Ahmed,0,1,3,0,0,0.00,False
420,2022,1298151,BAN v NED,BAN,NED,"Bellerive Oval, Hobart",BAN,1,Hasan Mahmud,0,3,6,0,0,0.00,True
421,2022,1298151,BAN v NED,BAN,NED,"Bellerive Oval, Hobart",NED,2,Vikramjit Singh,0,1,4,0,0,0.00,False
422,2022,1298151,BAN v NED,BAN,NED,"Bellerive Oval, Hobart",NED,2,Max O'Dowd,8,8,21,0,1,100.00,False
423,2022,1298151,BAN v NED,BAN,NED,"Bellerive Oval, Hobart",NED,2,Bas de Leede,0,1,2,0,0,0.00,False
424,2022,1298151,BAN v NED,BAN,NED,"Bellerive Oval, Hobart",NED,2,Colin Ackermann,62,48,77,6,2,129.16,False
425,2022,1298151,BAN v NED,BAN,NED,"Bellerive Oval, Hobart",NED,2,Tom Cooper,0,0,2,0,0,-,False
426,2022,1298151,BAN v NED,BAN,NED,"Bellerive Oval, Hobart",NED,2,Scott Edwards,16,24,33,1,0,66.66,False
427,2022,1298151,BAN v NED,BAN,NED,"Bellerive Oval, Hobart",NED,2,Tim Pringle,1,6,5,0,0,16.66,False
428,2022,1298151,BAN v NED,BAN,NED,"Bellerive Oval, Hobart",NED,2,Logan van Beek,2,5,9,0,0,40.00,False
429,2022,1298151,BAN v NED,BAN,NED,"Bellerive Oval, Hobart",NED,2,Shariz Ahmad,9,8,9,1,0,112.50,False
430,2022,1298151,BAN v NED,BAN,NED,"Bellerive Oval, Hobart",NED,2,Fred Klaassen,7,6,20,0,0,116.66,True
431,2022,1298151,BAN v NED,BAN,NED,"Bellerive Oval, Hobart",NED,2,Paul van Meekeren,24,14,16,3,1,171.42,False
432,2022,1298150,INDIA v PAK,PAK,INDIA,Melbourne Cricket Ground,PAK,1,Mohammad Rizwan,4,12,25,1,0,33.33,False
433,2022,1298150,INDIA v PAK,PAK,INDIA,Melbourne Cricket Ground,PAK,1,Babar Azam,0,1,10,0,0,0.00,False
434,2022,1298150,INDIA v PAK,PAK,INDIA,Melbourne Cricket Ground,PAK,1,Shan Masood,52,42,101,5,0,123.80,True
435,2022,1298150,INDIA v PAK,PAK,INDIA,Melbourne Cricket Ground,PAK,1,Iftikhar Ahmed,51,34,43,2,4,150.00,False
436,2022,1298150,INDIA v PAK,PAK,INDIA,Melbourne Cricket Ground,PAK,1,Shadab Khan,5,6,6,1,0,83.33,False
437,2022,1298150,INDIA v PAK,PAK,INDIA,Melbourne Cricket Ground,PAK,1,Haider Ali,2,4,6,0,0,50.00,False
438,2022,1298150,INDIA v PAK,PAK,INDIA,Melbourne Cricket Ground,PAK,1,Mohammad Nawaz,9,6,12,2,0,150.00,False
439,2022,1298150,INDIA v PAK,PAK,INDIA,Melbourne Cricket Ground,PAK,1,Asif Ali,2,3,6,0,0,66.66,False
440,2022,1298150,INDIA v PAK,PAK,INDIA,Melbourne Cricket Ground,PAK,1,Shaheen Shah Afridi,16,8,17,1,1,200.00,False
441,2022,1298150,INDIA v PAK,PAK,INDIA,Melbourne Cricket Ground,PAK,1,Haris Rauf,6,4,3,0,1,150.00,True
442,2022,1298150,INDIA v PAK,PAK,INDIA,Melbourne Cricket Ground,INDIA,2,KL Rahul,4,8,13,0,0,50.00,False
443,2022,1298150,INDIA v PAK,PAK,INDIA,Melbourne Cricket Ground,INDIA,2,Rohit Sharma,4,7,20,0,0,57.14,False
444,2022,1298150,INDIA v PAK,PAK,INDIA,Melbourne Cricket Ground,INDIA,2,Virat Kohli,82,53,98,6,4,154.71,True
445,2022,1298150,INDIA v PAK,PAK,INDIA,Melbourne Cricket Ground,INDIA,2,Suryakumar Yadav,15,10,11,2,0,150.00,False
446,2022,1298150,INDIA v PAK,PAK,INDIA,Melbourne Cricket Ground,INDIA,2,Axar Patel,2,3,7,0,0,66.66,False
447,2022,1298150,INDIA v PAK,PAK,INDIA,Melbourne Cricket Ground,INDIA,2,Hardik Pandya,40,37,61,1,2,108.10,False
448,2022,1298150,INDIA v PAK,PAK,INDIA,Melbourne Cricket Ground,INDIA,2,Dinesh Karthik,1,2,10,0,0,50.00,False
449,2022,1298150,INDIA v PAK,PAK,INDIA,Melbourne Cricket Ground,INDIA,2,Ravichandran Ashwin,1,1,2,0,0,100.00,True
450,2022,1298149,IRE v SL,IRE,SL,"Bellerive Oval, Hobart",IRE,1,Paul Stirling,34,25,45,4,1,136.00,False
451,2022,1298149,IRE v SL,IRE,SL,"Bellerive Oval, Hobart",IRE,1,Andy Balbirnie,1,5,7,0,0,20.00,False
452,2022,1298149,IRE v SL,IRE,SL,"Bellerive Oval, Hobart",IRE,1,Lorcan Tucker,10,11,20,1,0,90.90,False
453,2022,1298149,IRE v SL,IRE,SL,"Bellerive Oval, Hobart",IRE,1,Harry Tector,45,42,59,2,1,107.14,False
454,2022,1298149,IRE v SL,IRE,SL,"Bellerive Oval, Hobart",IRE,1,Curtis Campher,2,4,6,0,0,50.00,False
455,2022,1298149,IRE v SL,IRE,SL,"Bellerive Oval, Hobart",IRE,1,George Dockrell,14,16,25,0,0,87.50,False
456,2022,1298149,IRE v SL,IRE,SL,"Bellerive Oval, Hobart",IRE,1,Gareth Delany,9,6,10,1,0,150.00,False
457,2022,1298149,IRE v SL,IRE,SL,"Bellerive Oval, Hobart",IRE,1,Mark Adair,0,1,5,0,0,0.00,False
458,2022,1298149,IRE v SL,IRE,SL,"Bellerive Oval, Hobart",IRE,1,Simi Singh,7,8,9,1,0,87.50,True
459,2022,1298149,IRE v SL,IRE,SL,"Bellerive Oval, Hobart",IRE,1,Barry McCarthy,2,2,7,0,0,100.00,True
460,2022,1298149,IRE v SL,IRE,SL,"Bellerive Oval, Hobart",SL,2,Kusal Mendis,68,43,68,5,3,158.13,True
461,2022,1298149,IRE v SL,IRE,SL,"Bellerive Oval, Hobart",SL,2,Dhananjaya de Silva,31,25,35,2,1,124.00,False
462,2022,1298149,IRE v SL,IRE,SL,"Bellerive Oval, Hobart",SL,2,Charith Asalanka,31,22,33,2,0,140.90,True
463,2022,1298148,AFG v ENG,AFG,ENG,Perth Stadium,AFG,1,Hazratullah Zazai,7,17,31,1,0,41.17,False
464,2022,1298148,AFG v ENG,AFG,ENG,Perth Stadium,AFG,1,Rahmanullah Gurbaz,10,9,13,0,1,111.11,False
465,2022,1298148,AFG v ENG,AFG,ENG,Perth Stadium,AFG,1,Ibrahim Zadran,32,32,41,3,1,100.00,False
466,2022,1298148,AFG v ENG,AFG,ENG,Perth Stadium,AFG,1,Usman Ghani,30,30,60,3,0,100.00,False
467,2022,1298148,AFG v ENG,AFG,ENG,Perth Stadium,AFG,1,Najibullah Zadran,13,11,15,0,1,118.18,False
468,2022,1298148,AFG v ENG,AFG,ENG,Perth Stadium,AFG,1,Mohammad Nabi,3,5,7,0,0,60.00,False
469,2022,1298148,AFG v ENG,AFG,ENG,Perth Stadium,AFG,1,Azmatullah Omarzai,8,6,11,1,0,133.33,False
470,2022,1298148,AFG v ENG,AFG,ENG,Perth Stadium,AFG,1,Rashid Khan,0,1,2,0,0,0.00,False
471,2022,1298148,AFG v ENG,AFG,ENG,Perth Stadium,AFG,1,Mujeeb Ur Rahman,0,1,3,0,0,0.00,False
472,2022,1298148,AFG v ENG,AFG,ENG,Perth Stadium,AFG,1,Fareed Ahmad,2,4,7,0,0,50.00,True
473,2022,1298148,AFG v ENG,AFG,ENG,Perth Stadium,AFG,1,Fazalhaq Farooqi,0,2,3,0,0,0.00,False
474,2022,1298148,AFG v ENG,AFG,ENG,Perth Stadium,ENG,2,Jos Buttler,18,18,25,3,0,100.00,False
475,2022,1298148,AFG v ENG,AFG,ENG,Perth Stadium,ENG,2,Alex Hales,19,20,41,0,1,95.00,False
476,2022,1298148,AFG v ENG,AFG,ENG,Perth Stadium,ENG,2,Dawid Malan,18,30,40,0,0,60.00,False
477,2022,1298148,AFG v ENG,AFG,ENG,Perth Stadium,ENG,2,Ben Stokes,2,4,11,0,0,50.00,False
478,2022,1298148,AFG v ENG,AFG,ENG,Perth Stadium,ENG,2,Liam Livingstone,29,21,34,3,0,138.09,True
479,2022,1298148,AFG v ENG,AFG,ENG,Perth Stadium,ENG,2,Harry Brook,7,6,9,0,0,116.66,False
480,2022,1298148,AFG v ENG,AFG,ENG,Perth Stadium,ENG,2,Moeen Ali,8,10,13,0,0,80.00,True
481,2022,1298147,AUS v NZ,NZ,AUS,Sydney Cricket Ground,NZ,1,Finn Allen,42,16,24,5,3,262.50,False
482,2022,1298147,AUS v NZ,NZ,AUS,Sydney Cricket Ground,NZ,1,Devon Conway,92,58,106,7,2,158.62,True
483,2022,1298147,AUS v NZ,NZ,AUS,Sydney Cricket Ground,NZ,1,Kane Williamson,23,23,48,1,1,100.00,False
484,2022,1298147,AUS v NZ,NZ,AUS,Sydney Cricket Ground,NZ,1,Glenn Phillips,12,10,16,2,0,120.00,False
485,2022,1298147,AUS v NZ,NZ,AUS,Sydney Cricket Ground,NZ,1,James Neesham,26,13,19,0,2,200.00,True
486,2022,1298147,AUS v NZ,NZ,AUS,Sydney Cricket Ground,AUS,2,David Warner,5,6,7,1,0,83.33,False
487,2022,1298147,AUS v NZ,NZ,AUS,Sydney Cricket Ground,AUS,2,Aaron Finch,13,11,20,1,1,118.18,False
488,2022,1298147,AUS v NZ,NZ,AUS,Sydney Cricket Ground,AUS,2,Mitchell Marsh,16,12,17,2,1,133.33,False
489,2022,1298147,AUS v NZ,NZ,AUS,Sydney Cricket Ground,AUS,2,Glenn Maxwell,28,20,47,3,1,140.00,False
490,2022,1298147,AUS v NZ,NZ,AUS,Sydney Cricket Ground,AUS,2,Marcus Stoinis,7,14,16,0,0,50.00,False
491,2022,1298147,AUS v NZ,NZ,AUS,Sydney Cricket Ground,AUS,2,Tim David,11,8,12,0,1,137.50,False
492,2022,1298147,AUS v NZ,NZ,AUS,Sydney Cricket Ground,AUS,2,Matthew Wade,2,4,10,0,0,50.00,False
493,2022,1298147,AUS v NZ,NZ,AUS,Sydney Cricket Ground,AUS,2,Pat Cummins,21,18,27,2,1,116.66,False
494,2022,1298147,AUS v NZ,NZ,AUS,Sydney Cricket Ground,AUS,2,Mitchell Starc,4,7,13,0,0,57.14,False
495,2022,1298147,AUS v NZ,NZ,AUS,Sydney Cricket Ground,AUS,2,Adam Zampa,0,2,3,0,0,0.00,False
496,2022,1298147,AUS v NZ,NZ,AUS,Sydney Cricket Ground,AUS,2,Josh Hazlewood,1,1,6,0,0,100.00,True
497,2022,1298146,SCOT v ZIM,SCOT,ZIM,"Bellerive Oval, Hobart",SCOT,1,George Munsey,54,51,74,7,0,105.88,False
498,2022,1298146,SCOT v ZIM,SCOT,ZIM,"Bellerive Oval, Hobart",SCOT,1,Michael Jones,4,5,6,1,0,80.00,False
499,2022,1298146,SCOT v ZIM,SCOT,ZIM,"Bellerive Oval, Hobart",SCOT,1,Matthew Cross,1,7,15,0,0,14.28,False
500,2022,1298146,SCOT v ZIM,SCOT,ZIM,"Bellerive Oval, Hobart",SCOT,1,Richie Berrington,13,15,24,0,0,86.66,False
501,2022,1298146,SCOT v ZIM,SCOT,ZIM,"Bellerive Oval, Hobart",SCOT,1,Calum MacLeod,25,26,46,1,0,96.15,False
502,2022,1298146,SCOT v ZIM,SCOT,ZIM,"Bellerive Oval, Hobart",SCOT,1,Michael Leask,12,9,11,2,0,133.33,False
503,2022,1298146,SCOT v ZIM,SCOT,ZIM,"Bellerive Oval, Hobart",SCOT,1,Chris Greaves,3,7,10,0,0,42.85,True
504,2022,1298146,SCOT v ZIM,SCOT,ZIM,"Bellerive Oval, Hobart",SCOT,1,Josh Davey,4,3,3,0,0,133.33,True
505,2022,1298146,SCOT v ZIM,SCOT,ZIM,"Bellerive Oval, Hobart",ZIM,2,Regis Chakabva,4,3,3,1,0,133.33,False
506,2022,1298146,SCOT v ZIM,SCOT,ZIM,"Bellerive Oval, Hobart",ZIM,2,Craig Ervine,58,54,79,6,0,107.40,False
507,2022,1298146,SCOT v ZIM,SCOT,ZIM,"Bellerive Oval, Hobart",ZIM,2,Wessly Madhevere,0,5,8,0,0,0.00,False
508,2022,1298146,SCOT v ZIM,SCOT,ZIM,"Bellerive Oval, Hobart",ZIM,2,Sean Williams,7,12,28,0,0,58.33,False
509,2022,1298146,SCOT v ZIM,SCOT,ZIM,"Bellerive Oval, Hobart",ZIM,2,Sikandar Raza,40,23,34,3,2,173.91,False
510,2022,1298146,SCOT v ZIM,SCOT,ZIM,"Bellerive Oval, Hobart",ZIM,2,Milton Shumba,11,11,16,0,0,100.00,True
511,2022,1298146,SCOT v ZIM,SCOT,ZIM,"Bellerive Oval, Hobart",ZIM,2,Ryan Burl,9,5,7,1,0,180.00,True
512,2022,1298145,IRE v WI,WI,IRE,"Bellerive Oval, Hobart",WI,1,Kyle Mayers,1,5,12,0,0,20.00,False
513,2022,1298145,IRE v WI,WI,IRE,"Bellerive Oval, Hobart",WI,1,Johnson Charles,24,18,22,3,1,133.33,False
514,2022,1298145,IRE v WI,WI,IRE,"Bellerive Oval, Hobart",WI,1,Evin Lewis,13,18,42,0,0,72.22,False
515,2022,1298145,IRE v WI,WI,IRE,"Bellerive Oval, Hobart",WI,1,Brandon King,62,48,80,6,1,129.16,True
516,2022,1298145,IRE v WI,WI,IRE,"Bellerive Oval, Hobart",WI,1,Nicholas Pooran,13,11,16,0,1,118.18,False
517,2022,1298145,IRE v WI,WI,IRE,"Bellerive Oval, Hobart",WI,1,Rovman Powell,6,8,12,1,0,75.00,False
518,2022,1298145,IRE v WI,WI,IRE,"Bellerive Oval, Hobart",WI,1,Odean Smith,19,12,18,1,2,158.33,True
519,2022,1298145,IRE v WI,WI,IRE,"Bellerive Oval, Hobart",IRE,2,Paul Stirling,66,48,79,6,2,137.50,True
520,2022,1298145,IRE v WI,WI,IRE,"Bellerive Oval, Hobart",IRE,2,Andy Balbirnie,37,23,34,3,3,160.86,False
521,2022,1298145,IRE v WI,WI,IRE,"Bellerive Oval, Hobart",IRE,2,Lorcan Tucker,45,35,46,2,2,128.57,True
522,2022,1298144,NAM v UAE,UAE,NAM,"Simonds Stadium, South Geelong, Victoria",UAE,1,Muhammad Waseem,50,41,66,1,3,121.95,False
523,2022,1298144,NAM v UAE,UAE,NAM,"Simonds Stadium, South Geelong, Victoria",UAE,1,Vriitya Aravind,21,32,34,2,0,65.62,False
524,2022,1298144,NAM v UAE,UAE,NAM,"Simonds Stadium, South Geelong, Victoria",UAE,1,Chundangapoyil Rizwan,43,29,55,3,1,148.27,True
525,2022,1298144,NAM v UAE,UAE,NAM,"Simonds Stadium, South Geelong, Victoria",UAE,1,Alishan Sharafu,4,4,10,0,0,100.00,False
526,2022,1298144,NAM v UAE,UAE,NAM,"Simonds Stadium, South Geelong, Victoria",UAE,1,Basil Hameed,25,14,13,2,2,178.57,True
527,2022,1298144,NAM v UAE,UAE,NAM,"Simonds Stadium, South Geelong, Victoria",NAM,2,Michael van Lingen,10,8,14,1,0,125.00,False
528,2022,1298144,NAM v UAE,UAE,NAM,"Simonds Stadium, South Geelong, Victoria",NAM,2,Stephan Baard,4,6,9,1,0,66.66,False
529,2022,1298144,NAM v UAE,UAE,NAM,"Simonds Stadium, South Geelong, Victoria",NAM,2,Jan Nicol Loftie-Eaton,1,6,17,0,0,16.66,False
530,2022,1298144,NAM v UAE,UAE,NAM,"Simonds Stadium, South Geelong, Victoria",NAM,2,Gerhard Erasmus,16,18,23,2,0,88.88,False
531,2022,1298144,NAM v UAE,UAE,NAM,"Simonds Stadium, South Geelong, Victoria",NAM,2,Jan Frylinck,14,17,33,1,0,82.35,False
532,2022,1298144,NAM v UAE,UAE,NAM,"Simonds Stadium, South Geelong, Victoria",NAM,2,JJ Smit,3,3,3,0,0,100.00,False
533,2022,1298144,NAM v UAE,UAE,NAM,"Simonds Stadium, South Geelong, Victoria",NAM,2,David Wiese,55,36,65,3,3,152.77,False
534,2022,1298144,NAM v UAE,UAE,NAM,"Simonds Stadium, South Geelong, Victoria",NAM,2,Zane Green,2,3,3,0,0,66.66,False
535,2022,1298144,NAM v UAE,UAE,NAM,"Simonds Stadium, South Geelong, Victoria",NAM,2,Ruben Trumpelmann,25,24,43,1,1,104.16,True
536,2022,1298144,NAM v UAE,UAE,NAM,"Simonds Stadium, South Geelong, Victoria",NAM,2,Bernard Scholtz,1,1,-,0,0,100.00,True
537,2022,1298143,NED v SL,SL,NED,"Simonds Stadium, South Geelong, Victoria",SL,1,Pathum Nissanka,14,21,25,0,1,66.66,False
538,2022,1298143,NED v SL,SL,NED,"Simonds Stadium, South Geelong, Victoria",SL,1,Kusal Mendis,79,44,94,5,5,179.54,False
539,2022,1298143,NED v SL,SL,NED,"Simonds Stadium, South Geelong, Victoria",SL,1,Dhananjaya de Silva,0,1,2,0,0,0.00,False
540,2022,1298143,NED v SL,SL,NED,"Simonds Stadium, South Geelong, Victoria",SL,1,Charith Asalanka,31,30,38,3,0,103.33,False
541,2022,1298143,NED v SL,SL,NED,"Simonds Stadium, South Geelong, Victoria",SL,1,Bhanuka Rajapaksa,19,13,18,2,0,146.15,False
542,2022,1298143,NED v SL,SL,NED,"Simonds Stadium, South Geelong, Victoria",SL,1,Dasun Shanaka,8,5,9,0,1,160.00,False
543,2022,1298143,NED v SL,SL,NED,"Simonds Stadium, South Geelong, Victoria",SL,1,Wanindu Hasaranga de Silva,5,4,8,0,0,125.00,True
544,2022,1298143,NED v SL,SL,NED,"Simonds Stadium, South Geelong, Victoria",SL,1,Chamika Karunaratne,2,2,4,0,0,100.00,True
545,2022,1298143,NED v SL,SL,NED,"Simonds Stadium, South Geelong, Victoria",NED,2,Max O'Dowd,71,53,99,6,3,133.96,True
546,2022,1298143,NED v SL,SL,NED,"Simonds Stadium, South Geelong, Victoria",NED,2,Vikramjit Singh,7,14,18,0,0,50.00,False
547,2022,1298143,NED v SL,SL,NED,"Simonds Stadium, South Geelong, Victoria",NED,2,Bas de Leede,14,10,12,1,1,140.00,False
548,2022,1298143,NED v SL,SL,NED,"Simonds Stadium, South Geelong, Victoria",NED,2,Colin Ackermann,0,1,4,0,0,0.00,False
549,2022,1298143,NED v SL,SL,NED,"Simonds Stadium, South Geelong, Victoria",NED,2,Tom Cooper,16,19,23,2,0,84.21,False
550,2022,1298143,NED v SL,SL,NED,"Simonds Stadium, South Geelong, Victoria",NED,2,Scott Edwards,21,15,16,3,0,140.00,False
551,2022,1298143,NED v SL,SL,NED,"Simonds Stadium, South Geelong, Victoria",NED,2,Tim Pringle,2,4,8,0,0,50.00,False
552,2022,1298143,NED v SL,SL,NED,"Simonds Stadium, South Geelong, Victoria",NED,2,Timm van der Gugten,0,1,2,0,0,0.00,False
553,2022,1298143,NED v SL,SL,NED,"Simonds Stadium, South Geelong, Victoria",NED,2,Fred Klaassen,3,3,5,0,0,100.00,False
554,2022,1298143,NED v SL,SL,NED,"Simonds Stadium, South Geelong, Victoria",NED,2,Paul van Meekeren,0,0,4,0,0,-,False
555,2022,1298143,NED v SL,SL,NED,"Simonds Stadium, South Geelong, Victoria",NED,2,Roelof van der Merwe,0,1,14,0,0,0.00,True
556,2022,1298142,WI v ZIM,WI,ZIM,"Bellerive Oval, Hobart",WI,1,Kyle Mayers,13,12,17,2,0,108.33,False
557,2022,1298142,WI v ZIM,WI,ZIM,"Bellerive Oval, Hobart",WI,1,Johnson Charles,45,36,60,3,2,125.00,False
558,2022,1298142,WI v ZIM,WI,ZIM,"Bellerive Oval, Hobart",WI,1,Evin Lewis,15,18,28,1,0,83.33,False
559,2022,1298142,WI v ZIM,WI,ZIM,"Bellerive Oval, Hobart",WI,1,Nicholas Pooran,7,9,10,0,0,77.77,False
560,2022,1298142,WI v ZIM,WI,ZIM,"Bellerive Oval, Hobart",WI,1,Rovman Powell,28,21,40,1,2,133.33,False
561,2022,1298142,WI v ZIM,WI,ZIM,"Bellerive Oval, Hobart",WI,1,Shamarh Brooks,0,3,5,0,0,0.00,False
562,2022,1298142,WI v ZIM,WI,ZIM,"Bellerive Oval, Hobart",WI,1,Jason Holder,4,3,3,0,0,133.33,False
563,2022,1298142,WI v ZIM,WI,ZIM,"Bellerive Oval, Hobart",WI,1,Akeal Hosein,23,18,31,2,0,127.77,True
564,2022,1298142,WI v ZIM,WI,ZIM,"Bellerive Oval, Hobart",WI,1,Odean Smith,1,2,2,0,0,50.00,True
565,2022,1298142,WI v ZIM,WI,ZIM,"Bellerive Oval, Hobart",ZIM,2,Wessly Madhevere,27,19,37,3,1,142.10,False
566,2022,1298142,WI v ZIM,WI,ZIM,"Bellerive Oval, Hobart",ZIM,2,Regis Chakabva,13,9,14,3,0,144.44,False
567,2022,1298142,WI v ZIM,WI,ZIM,"Bellerive Oval, Hobart",ZIM,2,Tony Munyonga,2,6,12,0,0,33.33,False
568,2022,1298142,WI v ZIM,WI,ZIM,"Bellerive Oval, Hobart",ZIM,2,Sean Williams,1,2,4,0,0,50.00,False
569,2022,1298142,WI v ZIM,WI,ZIM,"Bellerive Oval, Hobart",ZIM,2,Sikandar Raza,14,8,12,1,1,175.00,False
570,2022,1298142,WI v ZIM,WI,ZIM,"Bellerive Oval, Hobart",ZIM,2,Milton Shumba,2,9,20,0,0,22.22,False
571,2022,1298142,WI v ZIM,WI,ZIM,"Bellerive Oval, Hobart",ZIM,2,Ryan Burl,17,19,30,3,0,89.47,False
572,2022,1298142,WI v ZIM,WI,ZIM,"Bellerive Oval, Hobart",ZIM,2,Luke Jongwe,29,22,31,3,1,131.81,False
573,2022,1298142,WI v ZIM,WI,ZIM,"Bellerive Oval, Hobart",ZIM,2,Richard Ngarava,2,6,11,0,0,33.33,False
574,2022,1298142,WI v ZIM,WI,ZIM,"Bellerive Oval, Hobart",ZIM,2,Tendai Chatara,3,8,12,0,0,37.50,False
575,2022,1298142,WI v ZIM,WI,ZIM,"Bellerive Oval, Hobart",ZIM,2,Blessing Muzarabani,1,4,4,0,0,25.00,True
576,2022,1298141,IRE v SCOT,SCOT,IRE,"Bellerive Oval, Hobart",SCOT,1,George Munsey,1,2,9,0,0,50.00,False
577,2022,1298141,IRE v SCOT,SCOT,IRE,"Bellerive Oval, Hobart",SCOT,1,Michael Jones,86,55,95,6,4,156.36,False
578,2022,1298141,IRE v SCOT,SCOT,IRE,"Bellerive Oval, Hobart",SCOT,1,Matthew Cross,28,21,33,5,0,133.33,False
579,2022,1298141,IRE v SCOT,SCOT,IRE,"Bellerive Oval, Hobart",SCOT,1,Richie Berrington,37,27,39,3,1,137.03,False
580,2022,1298141,IRE v SCOT,SCOT,IRE,"Bellerive Oval, Hobart",SCOT,1,Michael Leask,17,13,19,2,0,130.76,True
581,2022,1298141,IRE v SCOT,SCOT,IRE,"Bellerive Oval, Hobart",SCOT,1,Calum MacLeod,0,3,6,0,0,0.00,False
582,2022,1298141,IRE v SCOT,SCOT,IRE,"Bellerive Oval, Hobart",IRE,2,Paul Stirling,8,10,22,1,0,80.00,False
583,2022,1298141,IRE v SCOT,SCOT,IRE,"Bellerive Oval, Hobart",IRE,2,Andy Balbirnie,14,12,15,2,0,116.66,False
584,2022,1298141,IRE v SCOT,SCOT,IRE,"Bellerive Oval, Hobart",IRE,2,Lorcan Tucker,20,17,28,2,0,117.64,False
585,2022,1298141,IRE v SCOT,SCOT,IRE,"Bellerive Oval, Hobart",IRE,2,Harry Tector,14,16,23,1,0,87.50,False
586,2022,1298141,IRE v SCOT,SCOT,IRE,"Bellerive Oval, Hobart",IRE,2,Curtis Campher,72,32,48,7,2,225.00,True
587,2022,1298141,IRE v SCOT,SCOT,IRE,"Bellerive Oval, Hobart",IRE,2,George Dockrell,39,27,42,4,1,144.44,True
588,2022,1298140,SL v UAE,SL,UAE,"Simonds Stadium, South Geelong, Victoria",SL,1,Pathum Nissanka,74,60,105,6,2,123.33,False
589,2022,1298140,SL v UAE,SL,UAE,"Simonds Stadium, South Geelong, Victoria",SL,1,Kusal Mendis,18,13,24,2,0,138.46,False
590,2022,1298140,SL v UAE,SL,UAE,"Simonds Stadium, South Geelong, Victoria",SL,1,Dhananjaya de Silva,33,21,30,3,1,157.14,False
591,2022,1298140,SL v UAE,SL,UAE,"Simonds Stadium, South Geelong, Victoria",SL,1,Bhanuka Rajapaksa,5,8,19,0,0,62.50,False
592,2022,1298140,SL v UAE,SL,UAE,"Simonds Stadium, South Geelong, Victoria",SL,1,Charith Asalanka,0,1,2,0,0,0.00,False
593,2022,1298140,SL v UAE,SL,UAE,"Simonds Stadium, South Geelong, Victoria",SL,1,Dasun Shanaka,0,1,2,0,0,0.00,False
594,2022,1298140,SL v UAE,SL,UAE,"Simonds Stadium, South Geelong, Victoria",SL,1,Wanindu Hasaranga de Silva,2,3,3,0,0,66.66,False
595,2022,1298140,SL v UAE,SL,UAE,"Simonds Stadium, South Geelong, Victoria",SL,1,Chamika Karunaratne,8,11,22,1,0,72.72,False
596,2022,1298140,SL v UAE,SL,UAE,"Simonds Stadium, South Geelong, Victoria",SL,1,Pramod Madushan,1,1,4,0,0,100.00,True
597,2022,1298140,SL v UAE,SL,UAE,"Simonds Stadium, South Geelong, Victoria",SL,1,Dushmantha Chameera,1,1,2,0,0,100.00,True
598,2022,1298140,SL v UAE,SL,UAE,"Simonds Stadium, South Geelong, Victoria",UAE,2,Muhammad Waseem,2,4,13,0,0,50.00,False
599,2022,1298140,SL v UAE,SL,UAE,"Simonds Stadium, South Geelong, Victoria",UAE,2,Chirag Suri,14,19,31,3,0,73.68,False
600,2022,1298140,SL v UAE,SL,UAE,"Simonds Stadium, South Geelong, Victoria",UAE,2,Aryan Lakra,1,3,4,0,0,33.33,False
601,2022,1298140,SL v UAE,SL,UAE,"Simonds Stadium, South Geelong, Victoria",UAE,2,Chundangapoyil Rizwan,1,3,8,0,0,33.33,False
602,2022,1298140,SL v UAE,SL,UAE,"Simonds Stadium, South Geelong, Victoria",UAE,2,Vriitya Aravind,9,18,26,1,0,50.00,False
603,2022,1298140,SL v UAE,SL,UAE,"Simonds Stadium, South Geelong, Victoria",UAE,2,Basil Hameed,2,6,14,0,0,33.33,False
604,2022,1298140,SL v UAE,SL,UAE,"Simonds Stadium, South Geelong, Victoria",UAE,2,Aayan Afzal Khan,19,21,33,1,0,90.47,False
605,2022,1298140,SL v UAE,SL,UAE,"Simonds Stadium, South Geelong, Victoria",UAE,2,Kashif Daud,0,4,8,0,0,0.00,False
606,2022,1298140,SL v UAE,SL,UAE,"Simonds Stadium, South Geelong, Victoria",UAE,2,Karthik Meiyappan,4,8,11,0,0,50.00,False
607,2022,1298140,SL v UAE,SL,UAE,"Simonds Stadium, South Geelong, Victoria",UAE,2,Junaid Siddique,18,16,22,1,1,112.50,False
608,2022,1298140,SL v UAE,SL,UAE,"Simonds Stadium, South Geelong, Victoria",UAE,2,Zahoor Khan,1,1,15,0,0,100.00,True
609,2022,1298139,NAM v NED,NAM,NED,"Simonds Stadium, South Geelong, Victoria",NAM,1,Michael van Lingen,20,19,20,3,0,105.26,False
610,2022,1298139,NAM v NED,NAM,NED,"Simonds Stadium, South Geelong, Victoria",NAM,1,Divan la Cock,0,2,5,0,0,0.00,False
611,2022,1298139,NAM v NED,NAM,NED,"Simonds Stadium, South Geelong, Victoria",NAM,1,Stephan Baard,19,22,46,0,0,86.36,False
612,2022,1298139,NAM v NED,NAM,NED,"Simonds Stadium, South Geelong, Victoria",NAM,1,Jan Nicol Loftie-Eaton,0,2,3,0,0,0.00,False
613,2022,1298139,NAM v NED,NAM,NED,"Simonds Stadium, South Geelong, Victoria",NAM,1,Jan Frylinck,43,48,63,1,1,89.58,False
614,2022,1298139,NAM v NED,NAM,NED,"Simonds Stadium, South Geelong, Victoria",NAM,1,Gerhard Erasmus,16,18,37,0,0,88.88,False
615,2022,1298139,NAM v NED,NAM,NED,"Simonds Stadium, South Geelong, Victoria",NAM,1,David Wiese,11,5,8,1,0,220.00,True
616,2022,1298139,NAM v NED,NAM,NED,"Simonds Stadium, South Geelong, Victoria",NAM,1,JJ Smit,5,4,6,1,0,125.00,True
617,2022,1298139,NAM v NED,NAM,NED,"Simonds Stadium, South Geelong, Victoria",NED,2,Max O'Dowd,35,35,59,1,1,100.00,False
618,2022,1298139,NAM v NED,NAM,NED,"Simonds Stadium, South Geelong, Victoria",NED,2,Vikramjit Singh,39,31,37,3,2,125.80,False
619,2022,1298139,NAM v NED,NAM,NED,"Simonds Stadium, South Geelong, Victoria",NED,2,Bas de Leede,30,30,51,2,0,100.00,True
620,2022,1298139,NAM v NED,NAM,NED,"Simonds Stadium, South Geelong, Victoria",NED,2,Tom Cooper,6,6,7,1,0,100.00,False
621,2022,1298139,NAM v NED,NAM,NED,"Simonds Stadium, South Geelong, Victoria",NED,2,Colin Ackermann,0,2,2,0,0,0.00,False
622,2022,1298139,NAM v NED,NAM,NED,"Simonds Stadium, South Geelong, Victoria",NED,2,Scott Edwards,1,5,5,0,0,20.00,False
623,2022,1298139,NAM v NED,NAM,NED,"Simonds Stadium, South Geelong, Victoria",NED,2,Tim Pringle,8,9,14,0,0,88.88,True
624,2022,1298138,IRE v ZIM,ZIM,IRE,"Bellerive Oval, Hobart",ZIM,1,Regis Chakabva,0,2,3,0,0,0.00,False
625,2022,1298138,IRE v ZIM,ZIM,IRE,"Bellerive Oval, Hobart",ZIM,1,Craig Ervine,9,12,28,1,0,75.00,False
626,2022,1298138,IRE v ZIM,ZIM,IRE,"Bellerive Oval, Hobart",ZIM,1,Wessly Madhevere,22,19,22,4,0,115.78,False
627,2022,1298138,IRE v ZIM,ZIM,IRE,"Bellerive Oval, Hobart",ZIM,1,Sean Williams,12,11,24,0,1,109.09,False
628,2022,1298138,IRE v ZIM,ZIM,IRE,"Bellerive Oval, Hobart",ZIM,1,Sikandar Raza,82,48,72,5,5,170.83,False
629,2022,1298138,IRE v ZIM,ZIM,IRE,"Bellerive Oval, Hobart",ZIM,1,Milton Shumba,16,14,26,1,0,114.28,False
630,2022,1298138,IRE v ZIM,ZIM,IRE,"Bellerive Oval, Hobart",ZIM,1,Ryan Burl,1,4,9,0,0,25.00,False
631,2022,1298138,IRE v ZIM,ZIM,IRE,"Bellerive Oval, Hobart",ZIM,1,Luke Jongwe,20,10,14,3,0,200.00,True
632,2022,1298138,IRE v ZIM,ZIM,IRE,"Bellerive Oval, Hobart",IRE,2,Paul Stirling,0,2,3,0,0,0.00,False
633,2022,1298138,IRE v ZIM,ZIM,IRE,"Bellerive Oval, Hobart",IRE,2,Andy Balbirnie,3,4,20,0,0,75.00,False
634,2022,1298138,IRE v ZIM,ZIM,IRE,"Bellerive Oval, Hobart",IRE,2,Lorcan Tucker,11,11,10,2,0,100.00,False
635,2022,1298138,IRE v ZIM,ZIM,IRE,"Bellerive Oval, Hobart",IRE,2,Harry Tector,1,4,5,0,0,25.00,False
636,2022,1298138,IRE v ZIM,ZIM,IRE,"Bellerive Oval, Hobart",IRE,2,Curtis Campher,27,22,41,1,0,122.72,False
637,2022,1298138,IRE v ZIM,ZIM,IRE,"Bellerive Oval, Hobart",IRE,2,George Dockrell,24,20,25,3,0,120.00,False
638,2022,1298138,IRE v ZIM,ZIM,IRE,"Bellerive Oval, Hobart",IRE,2,Gareth Delany,24,20,23,1,1,120.00,False
639,2022,1298138,IRE v ZIM,ZIM,IRE,"Bellerive Oval, Hobart",IRE,2,Mark Adair,9,10,18,0,1,90.00,False
640,2022,1298138,IRE v ZIM,ZIM,IRE,"Bellerive Oval, Hobart",IRE,2,Simi Singh,0,1,1,0,0,0.00,False
641,2022,1298138,IRE v ZIM,ZIM,IRE,"Bellerive Oval, Hobart",IRE,2,Barry McCarthy,22,16,23,1,2,137.50,True
642,2022,1298138,IRE v ZIM,ZIM,IRE,"Bellerive Oval, Hobart",IRE,2,Josh Little,7,11,17,1,0,63.63,True
643,2022,1298137,SCOT v WI,SCOT,WI,"Bellerive Oval, Hobart",SCOT,1,George Munsey,66,53,106,9,0,124.52,True
644,2022,1298137,SCOT v WI,SCOT,WI,"Bellerive Oval, Hobart",SCOT,1,Michael Jones,20,17,36,3,0,117.64,False
645,2022,1298137,SCOT v WI,SCOT,WI,"Bellerive Oval, Hobart",SCOT,1,Matthew Cross,3,5,10,0,0,60.00,False
646,2022,1298137,SCOT v WI,SCOT,WI,"Bellerive Oval, Hobart",SCOT,1,Richie Berrington,16,14,21,0,1,114.28,False
647,2022,1298137,SCOT v WI,SCOT,WI,"Bellerive Oval, Hobart",SCOT,1,Calum MacLeod,23,14,15,4,0,164.28,False
648,2022,1298137,SCOT v WI,SCOT,WI,"Bellerive Oval, Hobart",SCOT,1,Michael Leask,4,6,8,0,0,66.66,False
649,2022,1298137,SCOT v WI,SCOT,WI,"Bellerive Oval, Hobart",SCOT,1,Chris Greaves,16,11,19,2,0,145.45,True
650,2022,1298137,SCOT v WI,SCOT,WI,"Bellerive Oval, Hobart",WI,2,Kyle Mayers,20,13,12,3,1,153.84,False
651,2022,1298137,SCOT v WI,SCOT,WI,"Bellerive Oval, Hobart",WI,2,Evin Lewis,14,13,30,1,1,107.69,False
652,2022,1298137,SCOT v WI,SCOT,WI,"Bellerive Oval, Hobart",WI,2,Brandon King,17,15,24,3,0,113.33,False
653,2022,1298137,SCOT v WI,SCOT,WI,"Bellerive Oval, Hobart",WI,2,Nicholas Pooran,5,9,14,0,0,55.55,False
654,2022,1298137,SCOT v WI,SCOT,WI,"Bellerive Oval, Hobart",WI,2,Shamarh Brooks,4,9,24,0,0,44.44,False
655,2022,1298137,SCOT v WI,SCOT,WI,"Bellerive Oval, Hobart",WI,2,Rovman Powell,5,6,12,0,0,83.33,False
656,2022,1298137,SCOT v WI,SCOT,WI,"Bellerive Oval, Hobart",WI,2,Jason Holder,38,33,37,4,1,115.15,False
657,2022,1298137,SCOT v WI,SCOT,WI,"Bellerive Oval, Hobart",WI,2,Akeal Hosein,1,1,4,0,0,100.00,False
658,2022,1298137,SCOT v WI,SCOT,WI,"Bellerive Oval, Hobart",WI,2,Alzarri Joseph,0,1,4,0,0,0.00,False
659,2022,1298137,SCOT v WI,SCOT,WI,"Bellerive Oval, Hobart",WI,2,Odean Smith,5,8,14,0,0,62.50,False
660,2022,1298137,SCOT v WI,SCOT,WI,"Bellerive Oval, Hobart",WI,2,Obed McCoy,2,3,10,0,0,66.66,True
661,2022,1298136,NED v UAE,UAE,NED,"Simonds Stadium, South Geelong, Victoria",UAE,1,Chirag Suri,12,20,28,1,0,60.00,False
662,2022,1298136,NED v UAE,UAE,NED,"Simonds Stadium, South Geelong, Victoria",UAE,1,Muhammad Waseem,41,47,71,1,2,87.23,False
663,2022,1298136,NED v UAE,UAE,NED,"Simonds Stadium, South Geelong, Victoria",UAE,1,Kashif Daud,15,14,19,0,1,107.14,False
664,2022,1298136,NED v UAE,UAE,NED,"Simonds Stadium, South Geelong, Victoria",UAE,1,Vriitya Aravind,18,21,37,0,0,85.71,False
665,2022,1298136,NED v UAE,UAE,NED,"Simonds Stadium, South Geelong, Victoria",UAE,1,Zawar Farid,2,4,8,0,0,50.00,False
666,2022,1298136,NED v UAE,UAE,NED,"Simonds Stadium, South Geelong, Victoria",UAE,1,Basil Hameed,4,4,7,1,0,100.00,False
667,2022,1298136,NED v UAE,UAE,NED,"Simonds Stadium, South Geelong, Victoria",UAE,1,Chundangapoyil Rizwan,1,2,7,0,0,50.00,False
668,2022,1298136,NED v UAE,UAE,NED,"Simonds Stadium, South Geelong, Victoria",UAE,1,Aayan Afzal Khan,5,7,8,0,0,71.42,False
669,2022,1298136,NED v UAE,UAE,NED,"Simonds Stadium, South Geelong, Victoria",UAE,1,Karthik Meiyappan,0,0,4,0,0,-,True
670,2022,1298136,NED v UAE,UAE,NED,"Simonds Stadium, South Geelong, Victoria",UAE,1,Junaid Siddique,0,1,1,0,0,0.00,True
671,2022,1298136,NED v UAE,UAE,NED,"Simonds Stadium, South Geelong, Victoria",NED,2,Vikramjit Singh,10,7,8,2,0,142.85,False
672,2022,1298136,NED v UAE,UAE,NED,"Simonds Stadium, South Geelong, Victoria",NED,2,Max O'Dowd,23,18,25,3,1,127.77,False
673,2022,1298136,NED v UAE,UAE,NED,"Simonds Stadium, South Geelong, Victoria",NED,2,Bas de Leede,14,18,37,1,0,77.77,False
674,2022,1298136,NED v UAE,UAE,NED,"Simonds Stadium, South Geelong, Victoria",NED,2,Colin Ackermann,17,19,33,1,0,89.47,False
675,2022,1298136,NED v UAE,UAE,NED,"Simonds Stadium, South Geelong, Victoria",NED,2,Tom Cooper,8,16,22,0,0,50.00,False
676,2022,1298136,NED v UAE,UAE,NED,"Simonds Stadium, South Geelong, Victoria",NED,2,Scott Edwards,16,19,42,0,0,84.21,True
677,2022,1298136,NED v UAE,UAE,NED,"Simonds Stadium, South Geelong, Victoria",NED,2,Roelof van der Merwe,0,2,4,0,0,0.00,False
678,2022,1298136,NED v UAE,UAE,NED,"Simonds Stadium, South Geelong, Victoria",NED,2,Tim Pringle,15,16,26,0,0,93.75,False
679,2022,1298136,NED v UAE,UAE,NED,"Simonds Stadium, South Geelong, Victoria",NED,2,Logan van Beek,4,4,7,0,0,100.00,True
680,2022,1298135,NAM v SL,NAM,SL,"Simonds Stadium, South Geelong, Victoria",NAM,1,Michael van Lingen,3,6,7,0,0,50.00,False
681,2022,1298135,NAM v SL,NAM,SL,"Simonds Stadium, South Geelong, Victoria",NAM,1,Divan la Cock,9,9,15,1,0,100.00,False
682,2022,1298135,NAM v SL,NAM,SL,"Simonds Stadium, South Geelong, Victoria",NAM,1,Jan Nicol Loftie-Eaton,20,12,18,1,2,166.66,False
683,2022,1298135,NAM v SL,NAM,SL,"Simonds Stadium, South Geelong, Victoria",NAM,1,Stephan Baard,26,24,49,2,0,108.33,False
684,2022,1298135,NAM v SL,NAM,SL,"Simonds Stadium, South Geelong, Victoria",NAM,1,Gerhard Erasmus,20,24,30,0,0,83.33,False
685,2022,1298135,NAM v SL,NAM,SL,"Simonds Stadium, South Geelong, Victoria",NAM,1,Jan Frylinck,44,28,44,4,0,157.14,False
686,2022,1298135,NAM v SL,NAM,SL,"Simonds Stadium, South Geelong, Victoria",NAM,1,David Wiese,0,1,4,0,0,0.00,False
687,2022,1298135,NAM v SL,NAM,SL,"Simonds Stadium, South Geelong, Victoria",NAM,1,JJ Smit,31,16,29,2,2,193.75,True
688,2022,1298135,NAM v SL,NAM,SL,"Simonds Stadium, South Geelong, Victoria",SL,2,Pathum Nissanka,9,10,16,1,0,90.00,False
689,2022,1298135,NAM v SL,NAM,SL,"Simonds Stadium, South Geelong, Victoria",SL,2,Kusal Mendis,6,6,8,0,0,100.00,False
690,2022,1298135,NAM v SL,NAM,SL,"Simonds Stadium, South Geelong, Victoria",SL,2,Dhananjaya de Silva,12,11,25,1,0,109.09,False
691,2022,1298135,NAM v SL,NAM,SL,"Simonds Stadium, South Geelong, Victoria",SL,2,Danushka Gunathilaka,0,1,2,0,0,0.00,False
692,2022,1298135,NAM v SL,NAM,SL,"Simonds Stadium, South Geelong, Victoria",SL,2,Bhanuka Rajapaksa,20,21,39,2,0,95.23,False
693,2022,1298135,NAM v SL,NAM,SL,"Simonds Stadium, South Geelong, Victoria",SL,2,Dasun Shanaka,29,23,37,2,1,126.08,False
694,2022,1298135,NAM v SL,NAM,SL,"Simonds Stadium, South Geelong, Victoria",SL,2,Wanindu Hasaranga de Silva,4,8,9,0,0,50.00,False
695,2022,1298135,NAM v SL,NAM,SL,"Simonds Stadium, South Geelong, Victoria",SL,2,Chamika Karunaratne,5,8,15,0,0,62.50,False
696,2022,1298135,NAM v SL,NAM,SL,"Simonds Stadium, South Geelong, Victoria",SL,2,Pramod Madushan,0,0,4,0,0,-,False
697,2022,1298135,NAM v SL,NAM,SL,"Simonds Stadium, South Geelong, Victoria",SL,2,Dushmantha Chameera,8,15,20,0,0,53.33,False
698,2022,1298135,NAM v SL,NAM,SL,"Simonds Stadium, South Geelong, Victoria",SL,2,Maheesh Theekshana,11,11,14,0,1,100.00,True
